farm_id,rainfall_mm,avg_temp_c,fertilizer_kg_per_ha,pesticide_liters,sunlight_hours,soil_ph,farm_size_ha,humidity_pct,wind_speed_kmh,co2_ppm,slope_degrees,num_harvests_per_year,organic_matter_pct,pest_pressure_score,crop_type,soil_type,season,irrigation_method,yield_kg_per_ha
F0001,320,28.7,18,10.3,4.7,5.4,22.4,31.4,45.6,540,10,1,7.9,9.7,Rice,Silty,Summer,Drip,9001.5
F0002,241,36.9,43,0.2,10.6,7.3,14.9,44.1,52,408,6,1,6.4,0.2,Barley,Clay,Spring,None,1681.01
F0003,609,14.5,134,11.8,8.3,8.3,17.6,82,29.8,468,18.8,1,3.2,8.6,Wheat,Loam,Winter,None,7638.58
F0004,872,31.5,106,2.4,4.3,5.3,32.8,84,44.7,394,7.9,3,6.2,9.8,Soybean,Peaty,Spring,Drip,11456.09
F0005,163,38.4,293,12.2,12.6,5.3,1.2,64.5,16.9,532,21.6,2,3.5,6,Soybean,Silty,Winter,Drip,7424.02
F0006,607,12.6,236,1.2,8.9,7.5,29.2,85,3.9,547,1.2,2,2,1.8,Rice,Peaty,Spring,Drip,19596.05
F0007,710,12.5,15,16,8.1,8.1,31.3,68.8,14.6,465,15,1,6.8,4.9,Soybean,Loam,Autumn,Sprinkler,5704.76
F0008,765,37,72,13.7,9.5,5.9,11,77.7,53.6,487,19.5,1,7.4,5.2,Rice,Loam,Autumn,Drip,7764.43
F0009,438,32.2,120,8.6,9.4,8.1,44,83.1,11.6,441,13.3,1,2.4,2.4,Barley,Silty,Summer,None,10091.78
F0010,737,19.5,140,10.3,11.4,8.3,24.8,26.6,2.3,438,2.6,2,3.1,1.7,Rice,Clay,Winter,Sprinkler,12236.56
F0011,1005,21.8,19,2.4,7.6,5.7,13,26,26.4,519,2.8,2,5.8,7,Barley,Clay,Spring,Flood,7689.72
F0012,1203,18.3,52,6.1,13.2,7.9,20.3,76.1,47,467,8.5,3,2.5,9.7,Soybean,Clay,Spring,Sprinkler,9531.65
F0013,628,11.1,203,10,6.5,6.5,4.9,40,1.6,454,21.9,3,2.5,6.9,Rice,Sandy,Winter,None,5729.63
F0014,1260,17.4,210,15.8,4.3,5.4,32.4,30.3,29.8,418,23.9,3,3.3,5.9,Wheat,Clay,Spring,None,12076.62
F0015,646,29,50,13,11.3,7.6,33.1,85.6,56.5,463,20.9,3,3.9,9.8,Corn,Silty,Summer,Flood,12163.6
F0016,1338,25.1,208,13.7,13.1,4.6,40.3,79.3,51.4,384,6,3,5.2,5.6,Wheat,Clay,Summer,None,14460.29
F0017,486,35.5,242,16.3,4.3,7.3,43.9,29.3,48.7,532,23.9,2,2.6,7.5,Corn,Silty,Autumn,Flood,11708.69
F0018,383,34.2,243,16.9,11,5.9,8.8,20.6,0.7,486,24.2,3,7.2,8.9,Soybean,Sandy,Winter,Flood,6899.98
F0019,236,27.7,228,4.1,7.1,6.8,16,28.8,24.6,434,13.8,1,3.7,9.1,Rice,Loam,Summer,Sprinkler,20797.46
F0020,286,29,23,1.1,8.4,6.4,22.7,91.4,44.3,441,1,2,7.1,7.8,Wheat,Sandy,Autumn,Flood,4799.67
F0021,1259,15.6,144,1.8,13.2,5.7,39.5,86.5,53.5,431,16,2,1.8,5.3,Corn,Loam,Autumn,Sprinkler,17225.73
F0022,930,28,293,19.9,5.2,5.3,14.1,54.2,42.7,404,20.7,2,4.4,1.3,Corn,Silty,Autumn,None,14678.09
F0023,232,34.3,239,19.2,10.8,6.6,24.6,63.3,7,486,3,2,7.5,2.6,Barley,Loam,Spring,Drip,20996.31
F0024,311,40,258,4.8,11.6,6.3,11,74.9,46.2,512,22.9,3,6.2,9.7,Rice,Sandy,Autumn,None,4369.93
F0025,478,13.4,247,19.4,9.6,7.9,23.7,62,7.3,417,8.5,1,3,0.9,Soybean,Silty,Spring,Drip,21701.68
F0026,1236,34,281,19.4,11.5,6.1,33.5,50.9,1.2,518,10.8,3,6.8,5.5,Barley,Peaty,Spring,None,12205.45
F0027,540,34,184,9.2,8.1,6.1,41.5,34.2,59.6,500,0.2,3,5,9.8,Barley,Sandy,Spring,Drip,10436.64
F0028,1098,23.2,31,10.6,9.1,7.4,2.3,80,47.7,388,14.3,3,2.3,5,Soybean,Peaty,Summer,Sprinkler,9632.84
F0029,1316,10.4,222,9.8,7,6.3,3.4,55.6,17.2,448,20.3,2,2.9,1.3,Soybean,Sandy,Winter,Flood,6932.23
F0030,665,8.1,261,3.2,5,8.5,0.7,89,2.4,458,8.3,1,6.2,0.6,Rice,Silty,Winter,Flood,11009.64
F0031,995,39.1,203,12.2,13.8,4.7,9,89.5,57.1,437,6,3,7.3,7.6,Corn,Silty,Autumn,Flood,11744.41
F0032,628,32.1,20,14.6,6.3,4.8,14,50,28.7,411,3.1,3,4.7,4.8,Barley,Loam,Summer,Sprinkler,7421.46
F0033,1396,25.1,12,1.2,12,7.9,10.1,56.9,13.8,446,3.2,3,7.6,7,Corn,Silty,Winter,Sprinkler,9209.43
F0034,1164,13.1,71,17.9,12.3,7.8,37.7,35.6,2.1,438,17.9,3,5.7,8.9,Soybean,Sandy,Summer,Flood,8437.49
F0035,114,24,299,6.2,10.5,5.5,13.7,34.3,53.2,430,17.1,3,5.2,8.9,Wheat,Sandy,Winter,Drip,9997.71
F0036,851,19,42,2.6,10.5,8.1,22.3,64.4,48.1,544,15.7,3,5.6,4.8,Wheat,Loam,Winter,Sprinkler,8797.53
F0037,962,25,197,10.8,12.9,7.1,15.7,74.6,41.5,404,9.2,3,5.7,7.9,Soybean,Loam,Autumn,Flood,18273.25
F0038,991,15.1,165,4.1,5.5,7.8,31,39.7,57.7,514,24.8,1,5.3,5.7,Corn,Peaty,Winter,Flood,10355.83
F0039,552,26.1,239,18.3,10.8,6.6,1.6,32.4,35.6,475,18.9,3,3.7,3.5,Corn,Sandy,Spring,Flood,15636.4
F0040,161,9.5,5,7.9,8.3,8.1,32.5,36.7,17.9,486,11.8,2,6.7,5.8,Barley,Silty,Spring,None,1226.98
F0041,1189,20,72,11.2,7.6,7,15.9,84.2,22.9,419,2.6,2,4.7,4,Wheat,Sandy,Autumn,Sprinkler,9832.08
F0042,521,25,212,4.6,10,7,28,46.1,47.3,453,10.4,2,6.3,6.5,Barley,Loam,Spring,Sprinkler,21647.55
F0043,506,7.6,29,10.3,6.2,4.7,47,48.5,22.6,422,8.8,2,5.4,4.6,Wheat,Clay,Summer,None,1733.78
F0044,448,38.1,104,5.7,9,5.6,33.5,20.4,5.8,411,0.8,1,2.8,5.2,Corn,Peaty,Spring,None,4647.7
F0045,911,30.2,11,15,6.1,7.9,46.2,53.5,46.1,526,15.7,1,5.5,5.1,Corn,Silty,Autumn,Flood,6714.85
F0046,672,8.2,220,15.9,11.9,7,5.3,51.1,54.9,548,16.5,3,7.6,1.1,Wheat,Peaty,Summer,None,10827.05
F0047,684,17.3,251,16.3,11.2,6.2,39.7,71.6,58.1,518,11,3,7.1,7.4,Barley,Loam,Autumn,None,14921.59
F0048,766,9.6,293,0.6,7.3,6.2,27.3,87,44.4,493,2.3,3,7.4,5.4,Wheat,Peaty,Summer,None,10982.74
F0049,584,39.2,140,4.9,6.6,4.7,25.4,49.6,44.8,394,3.7,1,4.3,5.7,Soybean,Peaty,Autumn,Sprinkler,3800.28
F0050,674,18.8,84,5.3,6.2,7.6,29.9,33.3,6.7,406,17.2,2,0.7,2.4,Corn,Loam,Autumn,None,10312.82
F0051,1025,7.2,266,10.9,6.1,8,21.6,87.9,35.2,395,5.3,2,2.4,2.8,Soybean,Peaty,Autumn,None,6817.64
F0052,350,28,41,8.5,5.9,5,35.1,93.4,33.1,484,17.8,3,7.4,0.7,Rice,Clay,Summer,None,8408.43
F0053,1253,36.6,22,0.8,12.3,5,11.2,29.8,32.6,549,10,1,6.6,5.2,Barley,Peaty,Summer,Sprinkler,1635.69
F0054,153,10.9,173,15.7,8.8,7.7,9.6,42.1,21.2,499,2.4,3,1.2,3.7,Wheat,Clay,Spring,Drip,14197.47
F0055,212,18.5,46,12,10.1,7.6,2.3,46.7,7.2,404,16.8,3,6.6,2.2,Wheat,Sandy,Winter,Flood,6120.39
F0056,997,7.9,221,15.9,8.9,6.4,30.1,35.3,9.8,522,22.7,2,0.6,9.2,Barley,Clay,Autumn,Sprinkler,8395.98
F0057,307,26,42,3.1,9.9,5.3,29,32.2,8.1,524,21.8,2,0.8,0.5,Corn,Clay,Summer,Flood,10171.74
F0058,1484,7.6,241,9.9,9.2,5.9,19.7,28,41.4,426,22.6,3,1.5,0.3,Corn,Silty,Autumn,Drip,15013.63
F0059,570,37.1,198,11.8,12.3,8.3,8.8,28.8,25.9,544,1.6,1,7.2,6.7,Soybean,Loam,Winter,Drip,9788.27
F0060,1421,32.3,113,3.9,5.8,5.9,21.7,31.3,6.9,452,20.4,2,5,5.5,Barley,Silty,Summer,Drip,14282.24
F0061,1134,29.5,53,16.9,12.8,7.3,48.4,46.9,20.6,402,1.6,1,6.8,7.9,Wheat,Peaty,Winter,Drip,8392.76
F0062,661,32.2,285,15.4,6.5,7.5,45.4,39.2,48.3,521,21,2,3.7,3.3,Soybean,Clay,Spring,None,9864.91
F0063,674,24.8,180,0.6,8,6.9,41.5,71.9,27.4,467,10,3,4.7,6.8,Rice,Peaty,Spring,None,13433.38
F0064,813,25,20,9.7,5.4,8.4,14.9,46.9,55.8,546,11.1,2,1.8,8.5,Wheat,Loam,Summer,Drip,9029.87
F0065,1481,31.6,273,5.8,8.1,6.1,2.7,49.3,51.4,453,12.4,3,7.9,4,Wheat,Peaty,Autumn,Sprinkler,14856.38
F0066,868,36.2,163,11.6,4.1,8.4,4.7,76.9,23.2,518,10,1,6.3,3.1,Soybean,Sandy,Winter,None,4057.08
F0067,1169,9.5,204,17.5,9.9,7,20.1,48.4,50.4,505,20.5,2,0.8,0.6,Soybean,Silty,Spring,Drip,15727.15
F0068,370,12.2,75,6.4,6.7,8.3,41.6,20.1,19.3,513,20.9,2,5,8.8,Rice,Sandy,Autumn,None,4674.41
F0069,1026,11.3,185,19.1,4.6,7.6,10.4,26.6,43.1,511,6.8,2,0.6,6.1,Wheat,Loam,Summer,Flood,16262.64
F0070,1459,10.2,76,2.5,11.2,5,45.9,86.7,13.6,407,19.8,2,7.3,6.4,Barley,Clay,Summer,Flood,7996.87
F0071,253,14.8,15,16.1,9.4,7.7,34.2,67.6,52.6,503,14.8,3,1.6,8.7,Barley,Sandy,Autumn,Sprinkler,3589.91
F0072,335,19.9,271,2.9,4.9,6.5,32.8,92,48.2,525,9.6,2,1.7,4.1,Barley,Peaty,Spring,Drip,19132.71
F0073,1048,23.2,222,16.2,10.8,5.9,43.4,51.3,46,456,12.6,3,1.6,7.5,Soybean,Silty,Autumn,Flood,17729.15
F0074,405,16,151,15,5.3,5.8,48.5,71,45.4,521,0.6,1,7.9,2.5,Rice,Clay,Spring,None,12545.2
F0075,848,13.1,269,3.7,13.6,5.1,22,88.6,42.5,516,3.2,3,7.8,3,Rice,Silty,Winter,None,11540.83
F0076,1014,7.8,66,1.1,8.7,5.3,5.6,78.3,42.6,481,3.2,3,5.4,4.8,Corn,Silty,Autumn,Sprinkler,7822.04
F0077,705,29.9,42,5.1,13.5,5.4,14.2,41.5,8.5,532,9.5,2,3.1,4.6,Wheat,Clay,Winter,Drip,6285.8
F0078,241,25.8,245,1.9,5.2,7.9,39.4,90,9.9,490,21.1,2,0.7,0.3,Corn,Sandy,Summer,Flood,15174.9
F0079,193,31.1,154,4.5,7,6.9,31.5,75,31.4,403,20.9,2,4.3,0.5,Rice,Peaty,Autumn,None,9224.2
F0080,367,9,293,11.8,9,5.5,24.8,41.6,52,433,5.4,1,1.8,2.3,Soybean,Silty,Summer,Sprinkler,14060.52
F0081,1333,16.3,285,0.8,12.8,4.6,36.7,85.9,52.7,514,5.5,2,4.7,3.1,Soybean,Sandy,Spring,Flood,13503.96
F0082,623,5.2,9,4.4,7.8,7.9,33.8,53.7,57.7,415,4.1,3,6.9,1.2,Rice,Silty,Spring,Drip,816.27
F0083,470,32.6,275,2.5,9.8,8.2,28,39.6,26.4,489,6.5,1,5,2,Barley,Silty,Summer,None,13486.3
F0084,837,27.5,220,11.4,10.6,4.6,44.4,60.7,59.3,404,4.5,2,5.4,2.6,Soybean,Silty,Winter,Drip,15795.19
F0085,796,23.2,141,11.6,14,4.9,5.4,92.5,10.9,387,21.8,3,2.3,5.6,Barley,Loam,Winter,Flood,13434.11
F0086,138,15.7,115,15.8,6.5,8.3,29.2,89.4,44.3,521,20.2,3,3.3,9.3,Wheat,Clay,Winter,Flood,7828.08
F0087,441,7.6,126,10,11.5,8.2,17.2,57.2,29.3,498,10.7,2,4.1,3.7,Corn,Silty,Summer,None,9681.53
F0088,970,7.5,158,1.8,6.6,6.9,48,68.9,48,425,10.8,2,6.9,1.9,Barley,Loam,Summer,Drip,14793.68
F0089,1344,26.2,250,17,5.1,8,11.6,28,18.5,380,7.7,1,6.1,4.1,Wheat,Clay,Spring,Drip,19938.91
F0090,252,14.2,299,12.1,4.9,8,39,88.1,15,497,17.6,1,2.8,6.3,Barley,Silty,Spring,None,13011.91
F0091,1448,26.1,45,6.9,13.1,5.4,23.4,37.3,27.1,389,14.6,2,1.4,8,Wheat,Silty,Winter,None,5495.92
F0092,985,15.7,88,1.1,9.1,6,45.6,66.5,28.1,550,21.1,3,3.2,9.2,Barley,Silty,Summer,Flood,12559.45
F0093,1009,26.6,80,15.4,8.9,4.5,41.8,55,29.9,540,20.2,3,6.8,4.1,Wheat,Loam,Autumn,Drip,15858.07
F0094,1140,16.9,260,11,9.4,7.1,46.4,59.3,40.4,501,5,2,4.3,9.9,Barley,Silty,Spring,Drip,22730.2
F0095,1080,35.2,150,16.6,13.5,8.2,3,48.7,9,481,21,3,3.7,8,Soybean,Loam,Autumn,None,8384.34
F0096,640,30.7,265,8.9,11.4,6,37.4,46.2,50.5,441,6.9,2,7.3,8.6,Rice,Peaty,Autumn,None,11272.44
F0097,1426,6.3,66,5.1,11.7,5.5,34.1,76.1,36.7,460,22,3,5.2,3.3,Soybean,Sandy,Spring,Flood,3235.84
F0098,815,14.8,16,15.5,8.8,4.5,36.6,47.9,24.2,428,4.7,3,1.4,4.1,Corn,Peaty,Summer,Sprinkler,9533.04
F0099,877,15.6,268,0.9,13.2,7.7,10.8,92.6,52.5,402,8.8,3,7.1,2.2,Wheat,Silty,Summer,None,17519.56
F0100,160,16,23,16,12.8,6.1,10.7,86.8,55.5,499,7,2,2.5,9.8,Barley,Sandy,Winter,None,2381.74
F0101,907,35.2,19,5,12.5,8.3,6,64.6,47,527,7.1,1,0.9,0.9,Soybean,Sandy,Winter,Flood,1172.79
F0102,191,21.9,273,2.2,12.7,5.8,24.1,67.5,12.1,430,24.9,1,3.7,2.6,Soybean,Loam,Autumn,None,13565.97
F0103,540,36.1,228,17.2,7.7,7.3,1.6,80.6,20.6,544,17.2,2,0.7,7.6,Soybean,Peaty,Summer,Flood,10656.06
F0104,1181,21.5,221,15.1,4.6,4.8,12.3,73.9,55.3,435,14.2,1,1.9,4.6,Barley,Clay,Summer,Sprinkler,17565.46
F0105,845,25.9,266,19.3,13.6,4.9,46.8,53.4,20.1,509,19.5,1,4.2,0.7,Corn,Sandy,Winter,None,8913.96
F0106,928,34.6,186,2.4,4.3,6.2,26.6,77.1,40.8,457,11,3,2.5,9.7,Wheat,Silty,Spring,None,9682.15
F0107,121,13,264,16.8,7.5,5.4,43.9,66.5,28.8,511,1.4,1,1.9,8.7,Rice,Loam,Spring,Flood,18793.54
F0108,601,32.7,199,16.1,6.6,7.5,37.4,57.7,16,446,24.8,1,4.6,6.6,Wheat,Silty,Winter,Flood,10154.88
F0109,746,39.9,300,4.3,6,5.2,0.8,73.5,20.5,488,15.5,1,1.4,3.6,Wheat,Silty,Autumn,None,5142.49
F0110,177,36.5,205,7.6,6.2,8.3,18,92.7,58.7,387,11,3,4.9,8,Corn,Sandy,Autumn,None,6375.71
F0111,663,33.2,30,16.1,10.8,5.3,43.4,67.1,21.4,403,14,2,0.5,2.9,Corn,Clay,Spring,Sprinkler,7003.63
F0112,1188,9.9,19,15.2,10.9,6,26.7,29.3,41.6,525,5.9,1,7.3,3.5,Barley,Sandy,Spring,Flood,3985.86
F0113,1186,15.1,229,4.4,9.2,6.3,29.6,59.4,44.9,449,20.8,2,5.3,3.3,Soybean,Peaty,Winter,Sprinkler,11330.49
F0114,273,23.8,248,2.9,10.8,7.6,29.6,85.1,5.9,467,4.6,2,3.2,4.7,Corn,Silty,Autumn,Sprinkler,21047.2
F0115,957,32.1,269,13.2,4.8,8.1,46.9,29.3,25.4,538,8.2,2,2.5,5,Barley,Clay,Summer,Drip,16011.94
F0116,793,5.5,150,10.2,6.8,7.5,14.8,73.4,2.5,465,0.7,2,5,3.6,Rice,Clay,Summer,Flood,9914.78
F0117,821,26,107,7.4,7.3,6.5,22.6,78.2,18,495,15.7,2,2.5,5.7,Wheat,Peaty,Summer,Sprinkler,14655.43
F0118,340,9.4,263,8.9,12.5,7.4,1.3,24.7,17.1,464,22.3,3,7.9,5.5,Corn,Silty,Winter,Drip,13859.98
F0119,735,24.9,213,9.2,6.7,7.4,10.3,62.3,47.3,548,21.1,1,1.7,3.6,Wheat,Silty,Winter,Sprinkler,13614.52
F0120,445,32.2,220,8.9,10.2,7.7,45.6,93.9,29.4,503,9.9,1,6.5,9.4,Soybean,Loam,Spring,Sprinkler,17738.68
F0121,853,38.2,103,5.5,9,8.2,48,45.2,14.4,454,8.8,3,7.7,8.9,Wheat,Clay,Autumn,Flood,4796.17
F0122,483,38.5,217,19.8,13.6,7.2,21,24,49.2,536,8.9,1,2.8,8,Corn,Loam,Winter,None,6565.4
F0123,1288,8.2,257,8.3,11.2,5.7,45.6,71,33.5,420,2.3,3,4.8,5.8,Wheat,Silty,Spring,Flood,15946.12
F0124,194,32.2,124,17.4,10.7,6.2,49,22.5,22.3,521,4.9,1,1.2,3.7,Barley,Peaty,Autumn,Drip,10948.94
F0125,519,11.1,82,8.1,4.5,6.9,12.5,64.1,11.1,380,16.6,1,4.6,6.4,Corn,Sandy,Summer,None,5498.82
F0126,228,24.6,108,10.6,6.8,8.3,21.9,38.6,52.9,414,18.5,3,2.2,5.1,Barley,Clay,Winter,None,5902.5
F0127,289,11.5,95,14.9,8,5.7,14.1,22.2,27.8,523,4.9,3,6.2,7.6,Rice,Sandy,Winter,Flood,5900.23
F0128,590,20.5,167,10.4,10.8,6.7,15.9,59.5,39.8,458,23.3,2,3.4,6.1,Soybean,Loam,Autumn,Sprinkler,16562.22
F0129,1265,26.6,171,5,12.1,5.8,10.2,40.9,56.5,540,9.5,3,6.2,8.5,Soybean,Silty,Autumn,Sprinkler,17051.95
F0130,649,31.8,198,7.8,10.7,7.7,29,79.3,14.6,546,15.8,3,1.5,3.8,Wheat,Clay,Summer,Sprinkler,15197.1
F0131,1104,9.8,26,4.5,6.1,6.4,33.9,24.8,30.9,505,23,3,7.1,5.2,Barley,Loam,Spring,None,3091.06
F0132,205,37.5,168,6.6,7.9,7.7,41.4,54.5,23.1,380,1.4,2,3,8.5,Rice,Silty,Winter,Flood,7359.73
F0133,369,37.1,245,13,6.6,5.5,45.8,32.4,2.2,485,2.7,2,3.2,8.8,Barley,Loam,Summer,None,9623.74
F0134,225,15.2,44,19.6,9.1,6.3,3,44.4,37.9,403,14.3,3,3.1,9.4,Soybean,Clay,Autumn,Sprinkler,6042.52
F0135,144,33.2,209,7.5,5,5.4,31.5,94.2,54.7,427,17.7,3,7,4.8,Barley,Loam,Spring,Drip,17625.89
F0136,519,11.5,250,13.4,10.9,4.7,27.6,20.1,2.4,509,15.4,1,6,4.9,Rice,Sandy,Summer,Sprinkler,13882.65
F0137,178,17.7,64,12.1,9.3,5.9,31.1,21.6,50.8,501,0.5,1,3.1,6.2,Rice,Peaty,Winter,Flood,7648.45
F0138,693,12.5,257,16.4,4.4,8.3,6.6,23,4.6,532,18.8,1,1.3,5.5,Wheat,Silty,Winter,Flood,10967.59
F0139,1033,15.1,102,16.5,5.1,8.5,12.7,65.7,26.6,443,20,1,3.6,4.1,Corn,Sandy,Spring,Flood,10698.05
F0140,553,12,44,18.1,13.7,5.9,23,44.9,9,496,23.5,1,5.6,4.1,Wheat,Silty,Summer,Flood,9268.43
F0141,1068,31.2,73,9.1,7.1,4.5,21.6,20.2,27.7,399,19.3,1,1.1,5.2,Rice,Silty,Winter,Drip,7948.42
F0142,1326,12.1,92,19.4,7.6,7.7,31.7,47.8,31.8,529,17.5,1,7,4.2,Barley,Sandy,Summer,Drip,9966.03
F0143,1068,33.6,226,11.6,5.9,7.9,13.9,49.7,15.9,515,19.6,3,7.5,3.3,Barley,Sandy,Spring,Sprinkler,12081.88
F0144,170,15.7,33,6.5,7,6.5,9.9,49.4,21.9,443,5.6,2,2,2.4,Rice,Clay,Spring,Sprinkler,8694.73
F0145,746,21.9,188,14,5.9,7.3,20.6,94.3,14,494,0.8,3,1.6,7.9,Wheat,Clay,Autumn,Drip,17184.71
F0146,652,20.4,56,16.4,7.4,7.3,46.1,67.1,33.9,500,2.3,3,6.8,5.4,Barley,Sandy,Summer,Sprinkler,10822.79
F0147,879,23.5,232,7.6,8.4,4.6,48.4,78.1,14.3,397,24.5,3,3.1,3.6,Barley,Clay,Winter,Sprinkler,12058.67
F0148,875,26.2,280,3.8,11.2,4.8,32.4,22.1,36.1,445,18.1,1,3.4,7,Barley,Sandy,Winter,Flood,8498.1
F0149,1389,15.4,181,16.6,13.8,5.8,33.4,83.9,59.4,474,0.2,2,3.4,8.7,Corn,Loam,Winter,Drip,17139
F0150,756,19.9,93,9,9.8,7.8,39.5,81.4,3.9,523,10.9,1,6,0.3,Soybean,Clay,Summer,None,10776.73
F0151,1341,36,112,8.7,4,7.1,32.9,23.7,52.3,414,12.5,2,5.5,5.3,Barley,Loam,Spring,Drip,9670.87
F0152,1468,28.3,268,9.2,12.2,7.9,7.1,48.9,7.8,405,2.6,2,3.7,6.6,Wheat,Clay,Autumn,None,11663.49
F0153,1328,36.8,156,8.7,13.6,6.3,34.9,62.2,6.7,531,20.4,1,0.8,8.7,Rice,Peaty,Autumn,None,6329.64
F0154,519,17.9,122,17.1,11.3,6.8,2.7,57.2,6.4,499,18.7,3,4.4,6.4,Soybean,Loam,Summer,Flood,18181.81
F0155,487,17.7,61,11,11.3,6.5,25.2,65.5,22.4,537,23.2,3,5.6,3.3,Soybean,Loam,Winter,Flood,8877.82
F0156,581,18,296,11.8,11.5,5.2,3.5,48.5,15.3,543,14.4,1,3.4,4.9,Corn,Clay,Spring,Sprinkler,19135.18
F0157,1282,8.1,215,19.2,9.8,5.3,12.6,61.6,33.4,390,8,2,4.5,5.2,Corn,Clay,Summer,Drip,16476.38
F0158,865,13.1,168,16.9,5.8,7.3,13.1,57.8,6.8,522,3.9,3,6.9,5.9,Wheat,Sandy,Autumn,None,8012.06
F0159,694,31.1,62,9,9.7,5.2,22.3,54.5,25.9,382,19.8,3,5.4,6.9,Corn,Sandy,Summer,Drip,9945.87
F0160,1419,27.7,161,6.5,8.8,7.1,15.4,25.6,7.5,457,5.3,3,2.9,3.5,Soybean,Peaty,Spring,None,11687.95
F0161,1129,37.4,39,1.4,7.3,5.9,3,40.4,2.1,428,9.5,3,6.9,4.5,Barley,Sandy,Winter,Sprinkler,1475.75
F0162,1352,14,102,11.5,8.1,6,1.3,62.9,16.3,528,16.1,2,2.5,1.1,Soybean,Clay,Autumn,Flood,9917.64
F0163,238,5.5,74,17.2,11.8,6.9,14.3,63.8,6.9,380,2.7,3,6.5,5,Rice,Peaty,Summer,Flood,6964.3
F0164,1351,36.3,58,4.3,5.6,7.9,48.6,44.1,31.7,508,22.2,1,1.3,3.2,Barley,Sandy,Autumn,None,1178.71
F0165,1122,6.3,96,6,7.7,4.7,19.5,42.6,56.4,462,7.1,1,0.5,1.8,Wheat,Silty,Autumn,Sprinkler,5057.01
F0166,613,32.8,86,2.9,6.5,5.6,33.5,37.2,23.1,395,23,3,7.4,8.3,Soybean,Clay,Winter,Sprinkler,5241.5
F0167,630,21.5,25,14.4,4.5,4.7,22.4,94.6,21.4,480,4.7,1,1.1,6.3,Corn,Peaty,Spring,Drip,11071.93
F0168,100,36.9,84,5.8,5.1,5.9,22.1,69.8,5.2,465,6.7,1,2.1,2,Wheat,Silty,Spring,Flood,5270.61
F0169,902,17.6,6,2.8,7.4,8.3,27.8,52.9,36.8,550,9.3,2,4.6,5.7,Wheat,Loam,Winter,Flood,5194.75
F0170,722,25.7,87,1.7,9.8,5,25.4,41.8,17.1,401,5.4,3,7.7,6.9,Wheat,Loam,Summer,Flood,17011.7
F0171,912,36.5,297,3.8,5.2,7.9,45.3,82.2,49.2,387,2.7,2,7.2,1.5,Soybean,Loam,Summer,Drip,16893.8
F0172,719,29.6,223,12.4,9,8.3,27.4,71.8,8.8,427,23.5,3,1.4,6.6,Soybean,Silty,Autumn,Flood,14672.16
F0173,1036,36,167,19,13.5,8.2,10,31.2,6.8,547,0.6,1,1.2,0.6,Rice,Loam,Spring,Flood,15830.37
F0174,309,17.6,273,15.4,12.9,5.4,36.5,31.1,43.6,444,9.9,2,4.1,0.8,Corn,Peaty,Autumn,Drip,20052.53
F0175,597,40,80,0.2,5.4,5.5,22.3,23,26.9,478,0.7,1,5.1,7.3,Rice,Sandy,Summer,None,1087.77
F0176,1453,28.1,274,9.9,11.1,8.1,48.6,72.6,53.7,507,12.2,1,1.1,4.5,Soybean,Silty,Autumn,Drip,18133.66
F0177,792,11.2,149,16.9,4.5,5.5,1.4,70.5,48.2,533,17.9,2,7.7,1.4,Corn,Clay,Autumn,Drip,14217.97
F0178,381,17.1,93,8.6,6.9,4.8,24.5,83.3,45.1,439,14.5,2,5.7,2.2,Barley,Peaty,Summer,Sprinkler,13296.64
F0179,1446,8.6,282,3.4,13.3,6.8,27.7,52,1.3,390,6.9,3,7.1,3.5,Soybean,Sandy,Summer,None,9173.2
F0180,573,7.8,188,11.6,4.7,4.8,32.7,43.9,18.7,499,18,2,0.6,4.7,Soybean,Peaty,Summer,Drip,10024.73
F0181,1442,5.1,245,7.5,11.2,6.7,10.3,46,22.7,486,17.6,2,1.4,0.7,Rice,Peaty,Autumn,None,6876.16
F0182,766,36.9,183,1.5,11.8,5.5,8.6,47.8,20,405,4.9,1,5.8,7.4,Rice,Loam,Autumn,Sprinkler,12203.35
F0183,1354,7.4,150,1.9,8.1,7.1,30,57.3,20.6,438,24.4,2,2.2,7.6,Rice,Clay,Spring,Drip,9555.63
F0184,786,30.7,128,1.3,6.4,8,7.1,85,29.2,508,19.7,2,7,9.6,Corn,Sandy,Summer,Flood,11121.47
F0185,506,35.9,88,4.3,12.3,4.9,44.4,85.5,49,547,18.1,1,3.1,8.6,Barley,Clay,Winter,Drip,3530.09
F0186,755,35.7,61,1.4,5.6,7.5,44.6,36.3,5.3,535,21,1,2.3,9.9,Barley,Silty,Summer,None,1895.34
F0187,133,39.9,257,8.1,13.7,4.7,1.8,81.1,32,510,20,1,5.8,3,Soybean,Loam,Autumn,Drip,8674.24
F0188,1487,6.3,22,2.6,9,5.7,2.8,58.8,58.4,396,10.6,3,4,4.5,Rice,Clay,Spring,None,1221.25
F0189,1395,11.7,32,5.6,10.1,6.4,14.4,68.3,39.9,445,5.3,1,2.8,1.3,Wheat,Sandy,Summer,Drip,6450.12
F0190,192,33.2,150,16.9,4,4.5,12.1,47.5,57.6,496,14.3,1,0.9,4.7,Rice,Clay,Summer,Drip,12437.13
F0191,400,29,65,13.6,10,5.9,19.2,78.6,42.6,533,22.3,3,7.6,5.5,Soybean,Sandy,Spring,None,5949.24
F0192,1029,22.2,243,14.7,13.2,8,33,29.7,12.8,517,2.1,3,2.2,4.6,Corn,Peaty,Winter,None,10713.99
F0193,1402,33,21,5.6,8.8,4.7,17.4,57.6,55.8,401,16.1,2,6.7,2.2,Rice,Clay,Autumn,Flood,5311.78
F0194,162,22.5,296,13.1,11.8,7.4,43.9,80.4,30.6,538,4.8,3,1.3,9.8,Wheat,Sandy,Spring,Flood,14232.03
F0195,1405,16.4,200,14.4,4.3,8.1,29.4,53.6,40.5,460,6.3,2,2.2,3.1,Rice,Peaty,Summer,Sprinkler,19511.35
F0196,387,39.2,239,19.3,4.7,5.9,3.2,87.1,21.5,546,8.7,2,6.2,6.7,Soybean,Peaty,Autumn,Sprinkler,7694.56
F0197,646,14.9,18,9,13.4,6.6,35.1,57.8,31.5,530,23.2,1,5.3,9,Barley,Silty,Winter,None,3688.83
F0198,316,31.7,16,14.8,8.6,5.1,25,92.7,59.2,424,7.4,1,5.7,3.7,Wheat,Loam,Spring,Flood,6773.02
F0199,1107,23.8,7,17.9,6.8,8.3,24.4,59.1,15.4,449,3.7,2,1.4,2.9,Wheat,Loam,Winter,None,5341.99
F0200,221,29.3,288,11,8.7,5,39,37.3,9.4,498,19.4,3,2.6,2.9,Wheat,Clay,Winter,None,7489.27
F0201,159,21.2,68,6.2,7.8,6.2,30.2,80.8,3.6,434,16,1,2.5,9.6,Barley,Peaty,Winter,Flood,6449.29
F0202,1050,20.5,256,18.7,9.7,5.5,1.6,84.1,7.3,429,1.5,3,3.7,9.8,Barley,Sandy,Autumn,None,10071
F0203,601,9.8,42,16.3,13.2,7.3,23.5,64.6,53.9,501,1.4,1,2.5,9,Rice,Clay,Spring,Sprinkler,6107.68
F0204,416,17.4,195,16.1,8.7,4.6,16.1,85.7,40.3,432,3.1,2,2.4,6.4,Rice,Sandy,Winter,Sprinkler,10172.29
F0205,332,25.7,13,12.8,4.3,4.5,3.1,22.5,52.3,425,1.9,3,2.8,1.6,Wheat,Sandy,Winter,Sprinkler,4234.72
F0206,996,27.9,125,15,7.7,5.3,6.4,82.4,6.5,460,16.7,3,4.8,6.1,Rice,Sandy,Autumn,None,8068.05
F0207,653,30.7,211,15.8,4.9,5.6,38.3,94.8,19,419,10,1,5.9,6.2,Rice,Loam,Summer,None,16288.16
F0208,1353,25.3,159,19.3,5.8,5.3,41.4,58.3,41.6,540,8.3,3,1.8,5.2,Corn,Loam,Autumn,Sprinkler,20161.69
F0209,788,6,253,6.3,12.7,7.4,18.4,79.1,49.3,413,9,2,5.8,4.7,Barley,Clay,Winter,Sprinkler,7018.36
F0210,660,24.8,135,15.9,6.5,5.7,0.9,62.6,52.4,414,9.8,3,3.8,9.6,Rice,Clay,Spring,None,11570.73
F0211,1475,21,186,16,9,6.9,1.5,27.6,7.3,445,0.6,1,6.9,2.5,Barley,Loam,Autumn,None,15510.44
F0212,1335,20.2,47,15.1,4.6,7.8,23.7,53,8.6,414,9,1,5.8,3,Barley,Sandy,Summer,Flood,9056.69
F0213,354,29,29,4.4,7.7,7.1,33.9,64.8,56.1,446,23.7,1,3.9,5.7,Corn,Peaty,Autumn,Sprinkler,6753.37
F0214,975,8.2,255,11.8,6.6,6.2,35.7,46.6,27.4,509,21.9,1,3.9,1.9,Rice,Loam,Autumn,Flood,13983.81
F0215,323,22.3,147,13.6,12.6,7.7,42.6,89.9,16.8,386,4,3,7.7,3.9,Soybean,Clay,Summer,Sprinkler,18277.19
F0216,893,8.6,209,18.4,6.7,4.6,17.1,47.5,4.8,521,9.4,3,1.1,1.2,Rice,Clay,Autumn,None,8715.2
F0217,132,17.3,69,14.1,12,6.6,38.9,41.9,38.2,530,8.9,3,7.8,9.5,Barley,Sandy,Spring,None,6413.06
F0218,960,22.2,139,3.7,10.2,5.8,10.1,79.1,42.9,513,24.1,3,3.6,7.5,Rice,Sandy,Summer,None,10347.75
F0219,483,7.8,176,2.4,4.1,6,13.2,87.1,37.6,513,9.6,3,5.5,3.8,Soybean,Silty,Summer,Drip,13643.85
F0220,543,35.6,34,7.2,7.6,5.5,28.2,62,3.9,496,5.5,3,6.6,9.9,Wheat,Loam,Summer,Drip,5299.33
F0221,205,21.7,107,16.8,8.7,7.9,49.5,86.7,16.5,401,18.6,3,3,8.9,Corn,Clay,Summer,None,11468.13
F0222,1029,28.4,191,12.1,12.3,7.3,0.5,24.4,9,387,14,3,4.1,8.7,Barley,Sandy,Winter,Drip,9586.45
F0223,348,23.3,142,6.9,6.5,8.5,7,35.7,48.8,538,22.7,3,4.4,4.6,Rice,Peaty,Winter,Drip,12012.73
F0224,1012,32.6,15,4,6,7.8,43.3,86.4,17,397,11.6,1,1.8,8,Barley,Peaty,Spring,None,2205.33
F0225,672,9.3,113,18.7,4.5,6.6,26,78.6,19.5,518,8.5,1,4.9,5.8,Barley,Silty,Winter,Flood,7473.2
F0226,707,26.7,224,3.5,6.5,6.1,9.3,52.2,20.3,518,22.8,2,6.3,1.3,Rice,Silty,Summer,None,17320.17
F0227,731,32.8,115,13,6.7,7.1,5.7,85.8,15.6,429,23.2,3,7,8.6,Wheat,Loam,Winter,Sprinkler,9604.04
F0228,873,20.7,17,8.8,12.9,6.7,22.6,66.5,57.5,402,1.4,3,6.6,4.4,Soybean,Peaty,Autumn,Flood,8026.23
F0229,1412,10.3,219,5.8,4.9,6.3,11.2,55.5,4.3,420,7,1,7.1,1.1,Corn,Peaty,Winter,Flood,11280.03
F0230,1472,25.9,75,18.5,6.6,5.5,22.3,42,28.9,530,5,2,1,5.1,Soybean,Peaty,Spring,Flood,11217.57
F0231,1015,18.1,296,3.6,8.3,7.3,33.6,91.1,9.5,433,24.1,2,1.4,3.6,Barley,Sandy,Spring,Sprinkler,14375.74
F0232,248,10.4,127,0.1,9.5,5.9,18.7,30.6,18.3,467,19.4,2,0.6,5.8,Barley,Peaty,Autumn,Drip,7666.81
F0233,101,35.6,170,18.3,12.1,5.4,10.5,88.3,4.4,442,20.5,2,3,1.9,Barley,Clay,Summer,Drip,12260.49
F0234,1197,14.3,227,17.3,12,7.8,2.7,57.4,56.3,405,20.8,1,2.4,4.5,Wheat,Silty,Spring,None,13992.73
F0235,204,32.4,40,14.6,10.6,8.5,4.6,74.6,49.6,477,6,3,3.9,1.9,Rice,Sandy,Winter,None,3631.83
F0236,1078,29.8,154,16.6,11.4,5.5,6.5,31.2,45.6,507,7.7,2,1.8,5.1,Rice,Peaty,Winter,None,8262.37
F0237,578,27,128,2.2,11.3,6.5,35.6,71.5,10.3,542,4,1,5.9,5.8,Soybean,Sandy,Winter,Sprinkler,7777.45
F0238,426,9.3,288,15.7,4.1,7.3,14.8,40.5,30.7,469,10.5,2,1,8.3,Wheat,Sandy,Summer,Drip,10560.78
F0239,1465,14.3,237,13,7.8,4.5,44.7,50.1,49.1,459,9.3,3,3.5,9.2,Rice,Silty,Summer,Drip,24028.48
F0240,918,37.6,242,14.4,7.8,7.9,6.7,57.5,44.2,467,21.2,1,4.9,3.1,Soybean,Silty,Spring,Flood,10510.44
F0241,756,37.4,36,9.8,4.6,6.8,29.9,57.6,59.8,499,9,3,2.6,1.7,Barley,Peaty,Winter,Sprinkler,939.79
F0242,1234,17.7,20,8.3,10.1,6.9,39.4,40.7,3.7,502,3.5,2,7,4.3,Barley,Silty,Summer,None,8766.13
F0243,1296,6.3,83,16,4.9,5.5,12.5,21.5,4.7,408,20,3,2.5,0.2,Corn,Clay,Summer,Sprinkler,7003.17
F0244,762,17,255,6.4,5.3,5.7,17.5,40.7,24.7,497,23.4,2,3.9,9.5,Corn,Peaty,Winter,Drip,13703.76
F0245,532,16.1,231,19.2,12.8,5.3,16.7,92.7,57.3,538,10.8,1,5.4,2,Barley,Silty,Spring,Sprinkler,22133.7
F0246,1277,17.4,275,8.7,6.5,6.4,45.2,71.9,36,529,24.8,3,3.7,2.6,Barley,Sandy,Autumn,None,8878.36
F0247,969,37.7,156,12.7,8.2,8.3,7.3,59.4,21.7,409,12.1,3,3.9,4.3,Barley,Sandy,Winter,Flood,4372.35
F0248,199,8.2,2,2.6,13.9,7.8,42.9,75.6,51.8,382,4.7,3,3.9,1,Soybean,Clay,Spring,Flood,562.09
F0249,363,9.3,187,12.7,9.7,7,40.9,74.2,25,426,3.8,1,3.4,4.3,Rice,Silty,Summer,Flood,16398.34
F0250,1332,12.4,180,0.7,5.6,5.3,12.4,60.4,57.3,383,5.9,3,4.2,3.1,Corn,Silty,Summer,Flood,19825.87
F0251,1319,31.5,145,1.3,6.7,5.1,37.8,46,29.3,474,0.4,3,5,7.4,Corn,Loam,Autumn,Sprinkler,16498.27
F0252,210,34.9,289,12.2,8.7,5.1,4.8,88,0.7,503,2.4,3,1.8,6.8,Rice,Clay,Autumn,Sprinkler,12301.57
F0253,594,37.9,66,15.1,8.9,7,17.5,53.1,3.9,412,11.1,2,7.6,3.4,Corn,Silty,Winter,Flood,5197.19
F0254,690,21.4,49,3.6,7.9,6.2,30.6,33.4,42.5,415,24,2,0.9,6.4,Rice,Sandy,Summer,Sprinkler,8557.25
F0255,525,36,113,12.7,9.7,6.2,44.6,80.9,28.4,435,17.6,3,1,1.3,Soybean,Peaty,Autumn,Sprinkler,7231.1
F0256,552,20.7,57,13.8,5.1,8.4,16.1,70.1,5.3,453,20.1,1,6.4,0.9,Rice,Peaty,Summer,Flood,12980.41
F0257,1479,11.5,90,0.7,13.3,6.1,0.7,40.7,15.1,480,6.3,1,3.4,2.9,Rice,Peaty,Spring,Drip,13106.22
F0258,1253,33.3,214,11.8,6.5,5.1,8.7,86.7,26.5,508,6,1,4,0.5,Wheat,Clay,Winter,Sprinkler,10266.27
F0259,1384,22.8,228,18.4,7.2,6.4,27.3,47.9,2.4,391,14.7,1,5.5,2.1,Wheat,Peaty,Summer,Sprinkler,21489.24
F0260,968,27.6,243,18.6,12.8,5.6,24.2,61.5,18.5,498,16.4,1,2.7,8,Rice,Peaty,Winter,Drip,14369
F0261,1406,12.6,94,14.2,12.2,5.9,17,76.1,44.1,465,3,2,4.2,3.1,Soybean,Peaty,Autumn,Drip,11705.57
F0262,1154,17.8,255,7.9,10.7,5.9,39.6,20.9,47.1,543,23,1,5.8,4.5,Barley,Loam,Winter,Flood,13979.61
F0263,744,10.4,291,16.9,11.4,6.6,9.6,86.5,19.6,447,8.5,2,7.4,6.3,Corn,Clay,Spring,Sprinkler,17368.45
F0264,1413,9.6,248,7.9,4.5,4.8,3.3,66.4,28.3,519,1.9,2,1.7,5.9,Corn,Silty,Autumn,Sprinkler,15377.92
F0265,392,9.3,102,7.2,11.6,5.7,30.6,47.7,5.2,550,23.6,2,4.8,9,Corn,Peaty,Summer,Sprinkler,10227.2
F0266,985,28.7,168,4,4.5,6.7,20.4,71.5,1.4,492,12.6,2,2.8,4.3,Barley,Sandy,Autumn,None,7699.71
F0267,903,18.2,158,13.8,6.2,8.2,26.1,57.9,52.7,471,22.6,1,4.5,3.4,Wheat,Peaty,Autumn,Sprinkler,14041.45
F0268,974,10.8,244,15.9,7.8,6.8,22.7,81.1,29.3,541,23.6,3,6.7,4.1,Corn,Sandy,Summer,Flood,14420.75
F0269,1206,33.7,84,9.5,4.5,7.2,13,38.9,52.7,490,10.4,1,0.8,1,Soybean,Sandy,Summer,Sprinkler,6215.55
F0270,891,8,24,19.6,12.7,6.1,47.2,66.2,10.2,444,15.1,2,7.2,7.5,Barley,Peaty,Winter,None,1809.26
F0271,1493,37.7,184,1.7,13.6,7,33.5,40.5,51,518,5.7,3,2.3,1,Rice,Silty,Spring,Sprinkler,13878.86
F0272,909,25.3,97,5.4,8.2,4.8,30.3,78.9,37.9,536,13.8,1,1.2,6.7,Corn,Sandy,Winter,None,5643.65
F0273,423,10.6,14,1.5,6.2,6.5,31.5,38,6,418,5.4,1,2.3,8.3,Rice,Sandy,Spring,Drip,2515.9
F0274,1490,7.3,2,11.9,5.8,5.2,27.7,88.6,29,388,20.8,1,5.2,6,Wheat,Sandy,Summer,Drip,100
F0275,601,8.4,233,9.7,7.2,8.1,33,67.9,45.1,400,23.8,2,7,8.4,Wheat,Clay,Spring,Drip,12473.56
F0276,456,37.9,158,10.6,6.6,5.4,45.7,43.4,43.1,457,10.9,1,1.4,9.8,Barley,Silty,Spring,Flood,6199.88
F0277,219,36.4,282,9,5.3,5.1,2.8,37.8,59.5,513,0.2,3,7.5,2,Corn,Clay,Autumn,Drip,12932.88
F0278,333,11.3,104,3.4,7.8,7.2,13.6,25.7,14,469,4.7,2,3.4,3.6,Wheat,Loam,Summer,Sprinkler,12885.04
F0279,1442,35.4,83,1.8,5.1,6.2,26.7,87.9,12.9,478,12.4,1,1.3,7.6,Barley,Loam,Autumn,Sprinkler,5617.56
F0280,331,33.1,239,15.9,11.4,6.1,16.3,45,30.4,445,18.9,2,3.8,7.8,Corn,Peaty,Spring,Sprinkler,16101.4
F0281,449,11,293,6,8.8,7.7,47.3,20.9,47.5,399,15.2,2,6.3,0.6,Rice,Sandy,Spring,Flood,12039.34
F0282,754,5.1,132,10,5.6,5.7,39.2,57.8,26.2,536,12.3,3,0.6,6.6,Soybean,Silty,Spring,Sprinkler,5641.86
F0283,565,39.9,230,7.9,10.6,7.8,16.7,87.2,5.1,421,11,2,5.3,9.8,Rice,Peaty,Summer,Flood,9205.13
F0284,1223,11.6,13,2.4,10.9,8.1,5,31.8,49.6,445,0.7,1,6.9,5.3,Corn,Clay,Autumn,Drip,6349.26
F0285,249,36,20,7.3,5.8,4.7,32.1,82.4,51.4,501,20,3,1.2,0.5,Rice,Clay,Spring,None,1300.54
F0286,1000,24.8,261,11.1,13.5,7,22.7,69.5,1.5,542,7.4,3,1.1,2.5,Wheat,Sandy,Autumn,Drip,15682.02
F0287,1446,23.2,295,1.2,5.2,8.5,39.9,50.2,26.3,398,14.6,2,1.5,5.6,Rice,Loam,Winter,None,11284.66
F0288,179,24.9,48,9,7.1,4.8,44.3,69.9,33.3,444,17.6,2,7.7,3.1,Soybean,Silty,Spring,Sprinkler,11532.99
F0289,1133,35.6,225,9.2,5.4,7.9,26.8,59.3,33.3,440,9,3,4.2,9.8,Corn,Clay,Autumn,Sprinkler,11721.52
F0290,489,12.5,173,14,12.9,7,29,50.1,25.4,535,20,2,6.2,2.9,Corn,Loam,Spring,Sprinkler,21086.3
F0291,685,14.3,232,5,9.6,5.8,30.3,61.5,33.2,549,11.3,1,6.4,1.6,Soybean,Loam,Summer,Sprinkler,21621.59
F0292,562,34.1,159,17.9,13.4,7,10.1,40.3,3.5,447,17.3,1,1.2,4,Wheat,Clay,Winter,None,6290.86
F0293,501,13.9,175,3.5,12.7,5.3,44.4,34.6,27.6,452,6.9,2,3.2,7.2,Corn,Peaty,Winter,Sprinkler,11408.29
F0294,727,12.1,148,18.7,4.8,4.9,49.6,44.9,38.5,422,19.1,1,5.2,5.3,Rice,Loam,Autumn,Flood,13540.79
F0295,712,11.3,153,7.6,9.1,8.1,48.9,50.6,45.1,544,15.3,2,5.5,2.9,Wheat,Sandy,Spring,Drip,11205.06
F0296,1005,11.1,225,14.6,7.2,7.1,38.4,62.7,7.1,441,21.4,1,4,8.1,Barley,Peaty,Winter,Flood,8843.73
F0297,634,17.9,38,15.9,6.2,5.6,17.3,54.9,53.3,423,6.5,3,2,0.8,Barley,Sandy,Summer,Drip,9075.03
F0298,614,19.2,153,18.1,6.4,6.4,37.4,94.1,38.1,448,15.8,1,3.7,7.4,Soybean,Sandy,Autumn,Sprinkler,10376.5
F0299,1309,18.6,13,7.6,12.6,7,44.1,31,51.5,396,13,2,5,7,Corn,Silty,Autumn,Drip,10599.46
F0300,969,7.7,136,8.8,7.5,4.5,7.4,94.3,4.9,391,0,2,6.2,1.9,Wheat,Sandy,Autumn,Drip,8577.45
F0301,1084,10.8,277,8.3,14,7.9,3.5,49.3,4.8,537,13.7,1,3.3,8.5,Corn,Sandy,Spring,Sprinkler,12842.02
F0302,1365,26.2,231,10.1,6.6,4.6,14.3,40.2,15.4,383,16,1,6.8,1.7,Wheat,Clay,Autumn,Drip,16871.51
F0303,1192,37.1,34,14.4,7.5,6,48.8,69.5,41.9,434,22.4,2,5.8,6.1,Barley,Loam,Autumn,None,1532.19
F0304,796,16,244,11.5,10.6,6.9,22,55.2,43.2,405,1,3,2.1,2.7,Barley,Sandy,Winter,None,7529.37
F0305,1477,23.7,162,0.1,6.8,7.9,48.7,52.5,1.5,414,13.3,3,5.2,6.2,Barley,Clay,Summer,Flood,16484.04
F0306,130,34.9,214,4.2,7.1,6.4,42.3,79.8,5.2,402,12.5,1,3.4,6.6,Soybean,Clay,Winter,Flood,6641.49
F0307,877,15.9,146,18.3,9.3,8,3.5,46.2,47.2,542,5.9,2,3.3,3.4,Corn,Loam,Autumn,Flood,18234.18
F0308,1063,32.1,169,0.8,8.5,8.1,24.5,84.5,33.6,470,18.2,3,1.7,0.8,Rice,Loam,Winter,Sprinkler,12420.42
F0309,449,38,282,16.6,8.2,7.7,38.8,83.9,51.1,530,18.8,1,5.2,5.6,Wheat,Clay,Winter,Flood,6211.49
F0310,771,35.7,107,15.7,8,5.5,3.5,36.8,31,448,1,1,0.9,2.6,Barley,Peaty,Spring,Sprinkler,7622.24
F0311,283,17,42,18.8,6.8,6.2,41.9,60.8,4.2,431,16.9,3,7,3.8,Rice,Silty,Autumn,Sprinkler,12130.22
F0312,682,19.6,159,2.6,8.3,5.2,1.6,79.3,12.3,484,1.9,3,5,5.3,Rice,Clay,Autumn,Sprinkler,15941.51
F0313,486,20.7,266,3.6,7.8,5.9,14.7,73.4,36.8,503,2.1,2,0.9,2.5,Barley,Sandy,Summer,Drip,17181.09
F0314,1487,13.1,258,16.3,6.9,4.8,3.2,33.6,1,534,23,1,2.2,9.1,Rice,Sandy,Winter,None,6330.58
F0315,1206,6.7,81,13.7,4.7,6.8,47,78.7,27.3,486,8.6,2,3.3,3.6,Soybean,Silty,Winter,None,2900.15
F0316,219,12.3,258,2.2,7.3,7.9,5.8,23.8,22.9,432,14.4,2,2,8.2,Rice,Sandy,Autumn,Drip,11084.51
F0317,1200,26.6,69,3.8,6.5,7.1,15.9,69.1,18.9,387,11.6,1,3.3,0.2,Wheat,Sandy,Autumn,Drip,9323.07
F0318,129,18.5,144,14.3,7.2,8.5,8.3,89.9,54.3,487,24,3,7.9,7.3,Rice,Loam,Winter,None,10400.16
F0319,622,28.1,232,13.9,12.4,6.8,3.2,62.5,49.5,423,8.6,3,0.8,2.3,Corn,Clay,Summer,Flood,19385.86
F0320,1138,26.7,232,9.2,5.1,6,29.8,86.8,43.1,456,20.8,2,7.6,3.8,Corn,Peaty,Autumn,Drip,18940.33
F0321,783,26.9,34,15,11,5.6,12.9,44.1,14.3,529,0.1,2,1,3.7,Soybean,Loam,Autumn,None,7094.39
F0322,1177,18.1,275,7.3,6.6,8.1,30.2,46,2.7,457,9.4,1,6.1,6.2,Wheat,Peaty,Winter,None,9529.54
F0323,567,19.8,73,15.2,13.5,8.1,40,43.2,4.6,503,22.5,1,6.7,5,Corn,Peaty,Spring,Drip,16304.5
F0324,187,28.6,54,8.3,6.2,5.7,19.6,40.1,28.9,425,12.2,2,5.4,7.2,Soybean,Peaty,Summer,Drip,9567.79
F0325,1465,35.6,64,15.2,11.5,6.5,34.2,51.7,53.1,513,23.4,1,3.1,7.4,Barley,Loam,Spring,Flood,5613.69
F0326,951,28.7,41,17.2,8.1,8.4,46.7,37.9,15.1,543,0.4,3,7.1,3.1,Rice,Clay,Summer,None,9263.04
F0327,946,9.1,36,4.4,9.9,6.2,45.4,89.8,30.6,475,9.9,2,1,1.3,Corn,Sandy,Summer,Flood,5435.86
F0328,979,36.6,230,16.9,12.9,6.7,26.5,62.8,49.6,540,15.2,2,6,0.9,Soybean,Peaty,Winter,Flood,8388.32
F0329,970,37.5,29,7,8.9,4.7,38.2,81,43.9,488,6.3,1,0.5,1.2,Corn,Silty,Summer,Sprinkler,3352.84
F0330,120,8.9,199,4.1,5.1,6.9,23.6,71.2,1,514,9.1,2,2.2,3.9,Barley,Peaty,Winter,Sprinkler,7763.26
F0331,960,32.6,88,3.9,8.1,5.9,23,49.4,43.9,422,19.2,3,2.8,0.6,Soybean,Sandy,Autumn,None,4687.33
F0332,172,12.6,81,9.4,4.2,7.5,15.6,72.1,22.9,463,3.2,3,2.2,3.4,Rice,Peaty,Summer,None,8201.79
F0333,946,7.8,285,10.3,11.5,4.6,42.9,70.4,43.2,464,12.6,2,7.7,6.6,Corn,Peaty,Spring,None,10821.06
F0334,1430,38.9,32,14.2,4.9,8.2,39.9,22.3,56.4,543,9.8,2,3.4,3.9,Barley,Clay,Winter,None,100
F0335,1362,15.6,89,10.1,10.5,5.1,1,35.1,41,536,1.2,1,5.5,6,Rice,Peaty,Autumn,Flood,11868.65
F0336,560,22.2,111,6.9,10.9,7.2,37.1,29.5,41.4,464,10.4,1,4.9,3.4,Wheat,Sandy,Summer,Flood,11769.52
F0337,611,6.9,206,10,9.6,6.3,8,83.7,37.4,518,15.1,3,3.2,8,Wheat,Sandy,Winter,Flood,5244.77
F0338,1139,22.6,86,18.2,13.1,4.8,25.1,40.1,5.4,482,18.1,2,6.9,4.4,Wheat,Loam,Winter,None,9153.65
F0339,809,9.8,85,19.2,11,7.7,35.6,62.3,48.9,413,14.1,3,6.9,5.8,Soybean,Clay,Autumn,Flood,7114.14
F0340,624,30.9,163,9.2,12.3,8.4,17.5,45.5,46.6,388,17.7,3,6.9,7,Soybean,Clay,Summer,None,10504.09
F0341,1317,17.1,204,14.9,9.2,5.1,19.5,21.1,7,452,2.2,3,3.9,4.2,Corn,Peaty,Autumn,Sprinkler,18464.29
F0342,1474,13,17,14.1,8.9,4.7,1.9,84.3,13.4,542,17.8,3,7.5,1,Soybean,Sandy,Spring,Sprinkler,6156.84
F0343,236,10.5,295,12.4,8,6.4,10.4,53.3,17.7,444,12.6,2,3.2,4.8,Corn,Silty,Summer,Drip,20922.04
F0344,1388,29.4,177,8.1,12.6,6.5,24.2,43.8,23.5,495,5,1,1.1,2.5,Rice,Sandy,Winter,None,6994.86
F0345,1322,5.2,174,5.4,8.3,6.7,37.9,58.8,30.2,516,3.1,1,3,9.8,Barley,Silty,Summer,Drip,9556.11
F0346,460,19.8,214,2.6,6.7,6.5,26,42.9,51,455,9.7,2,5.1,4.7,Barley,Clay,Spring,Flood,16117.89
F0347,126,6.4,36,18.3,10.7,8.4,13.3,53.1,45.5,439,15.8,3,4.2,2.4,Wheat,Silty,Summer,Flood,2232.58
F0348,1275,27.3,16,11.1,6.8,5.3,25.1,59.3,8.6,431,24,2,2.7,9.3,Barley,Peaty,Autumn,None,3894.19
F0349,1209,27.3,89,7.2,4.7,4.8,30.3,84.5,0.9,455,4.2,3,2.6,8.3,Barley,Clay,Summer,Flood,11919.12
F0350,1379,30.8,18,14.6,6.3,7.6,49.4,49.2,25.8,541,9.7,1,6.8,5.2,Corn,Peaty,Winter,None,4445.79
F0351,755,36.4,36,17.9,11.8,7.8,26.9,41.5,40.1,547,4.9,3,1.2,2,Wheat,Sandy,Winter,Sprinkler,2338.7
F0352,1264,28.3,229,14.1,5.8,7.5,23.9,46.1,18.5,400,13.8,1,2.2,8.2,Corn,Peaty,Summer,Drip,21215.75
F0353,315,7.7,240,10.2,4.6,6.3,4,30.2,42.3,550,14,3,1.5,0.3,Soybean,Silty,Winter,None,6159.17
F0354,1186,39,227,6.4,8.4,4.6,34.1,21,25.1,476,10.9,3,4.1,5.9,Barley,Peaty,Summer,Sprinkler,9466.12
F0355,1417,10.9,241,13.2,5.7,5.8,14.4,83.1,28.6,446,17.5,1,5.7,3.1,Soybean,Clay,Summer,None,10633.13
F0356,463,17.4,153,19.5,7,7.7,7.4,51.4,50.6,534,14.3,1,5.8,8.2,Barley,Peaty,Summer,Flood,15486.89
F0357,848,38.2,52,16.4,7.1,6.2,16.3,52.1,44.2,506,24.8,3,3.3,6.6,Corn,Sandy,Autumn,Drip,2594.23
F0358,1189,5.3,278,4,11.4,8.5,16.5,24.5,45.6,461,12.7,2,0.9,9.2,Barley,Sandy,Autumn,None,3321.74
F0359,712,31.1,176,7.5,10.9,7.9,15.4,92.9,21.6,451,19.2,2,0.9,0.8,Barley,Peaty,Summer,Sprinkler,15714.72
F0360,1063,34.9,68,8,9.4,4.5,23.5,48.3,39.9,479,19.3,3,7.5,5.1,Corn,Sandy,Autumn,Sprinkler,5967.72
F0361,1394,18.2,236,19.2,6.5,6.2,10.9,61.7,39.1,451,11.7,2,6.1,7,Corn,Sandy,Winter,Drip,12404.6
F0362,487,37.1,79,3.6,9.7,5.6,43.4,77.3,51.3,427,8.7,3,4.8,8.7,Corn,Sandy,Summer,Drip,6093.11
F0363,294,36.9,184,5.5,7.7,4.8,27.2,59.7,55.3,441,2.1,1,0.9,2.3,Barley,Peaty,Summer,Flood,8958.6
F0364,424,22.7,220,9.5,7.3,5.7,29.2,76.6,57.1,472,11.1,2,6.7,5,Barley,Clay,Autumn,None,11173.94
F0365,994,27.9,47,3.9,11.8,7.7,42.6,50.6,32.2,478,7.3,3,2.1,4.4,Wheat,Peaty,Winter,Sprinkler,7314.5
F0366,1202,11.1,10,11.5,12.5,6.7,23.6,85.6,12.8,433,2,1,2.3,8.5,Corn,Peaty,Autumn,None,3976.81
F0367,701,18.6,52,9.4,11.4,8.4,47.3,72.6,24.3,535,1.2,2,6.4,6.7,Corn,Peaty,Spring,Sprinkler,14057.79
F0368,284,20.2,122,5.1,10.5,5.4,35.8,71.7,23.3,440,19.2,2,1.8,7.5,Wheat,Sandy,Spring,Drip,12113.32
F0369,394,23.3,185,16.7,7.1,5.7,31,89.5,57.1,418,4.1,3,3.1,7.6,Wheat,Peaty,Autumn,None,11381.34
F0370,739,23.4,40,0.7,11.3,7.6,44.6,42.2,35.5,543,2.6,2,5.1,3.4,Wheat,Clay,Summer,None,8051.93
F0371,1146,34,54,18.2,11.2,8.1,48.2,51.2,37.6,519,13.6,2,7.9,8.7,Corn,Loam,Autumn,Drip,10809.21
F0372,255,20.1,28,17.5,13.1,5.6,13.7,39.1,50.1,497,1.9,1,5.3,0.2,Corn,Peaty,Summer,Flood,12904.94
F0373,1050,31.5,264,7.5,5.7,7.1,22,27.1,32.5,439,23.3,3,2,1.2,Wheat,Loam,Spring,None,13706.31
F0374,1277,31.6,182,5.1,12.1,5.2,8.3,81.6,10.8,520,1.8,3,1.9,5.1,Barley,Sandy,Autumn,Sprinkler,10715.71
F0375,1492,17.4,56,16.9,12.7,6.7,8.7,92.4,51.1,394,11.9,1,7.9,1.4,Wheat,Sandy,Winter,None,5250.5
F0376,574,36.1,151,4.8,6.5,8.4,24.6,65,48.8,441,14,3,7.7,3,Corn,Loam,Spring,Sprinkler,14809.46
F0377,1490,34.4,246,12.8,7.5,5.3,42.2,62.2,21.4,514,0.5,1,7.9,5.2,Barley,Peaty,Autumn,Sprinkler,13089.45
F0378,688,24.5,125,16.6,9.9,4.7,37.8,40.4,40.3,506,16.5,2,4.9,8.4,Rice,Clay,Autumn,Drip,14327.86
F0379,341,24.5,108,9.3,5.7,4.7,13.2,62.9,13.9,407,17.3,2,1.4,9.4,Wheat,Silty,Autumn,Flood,11970.07
F0380,510,29.9,182,7.9,10.8,6.5,33.9,56.5,12.5,455,19.5,3,3.3,3.8,Rice,Peaty,Winter,Flood,11242.39
F0381,110,20.5,112,7.9,11.3,7.6,0.8,27.9,0.1,491,12.9,1,4.3,1.5,Soybean,Loam,Spring,Sprinkler,17118.64
F0382,1192,28.7,299,12.5,4,5.4,1.4,49.7,46.4,464,12.1,2,3.3,6.9,Corn,Loam,Spring,None,16256.08
F0383,981,19.7,148,18.9,13.4,5.4,23.8,25.2,18.9,446,20.9,3,1,3.4,Wheat,Silty,Summer,None,14705.56
F0384,420,26.3,263,4.6,10.1,4.5,7.2,72.4,51,390,13,3,7.9,1.9,Barley,Loam,Summer,Flood,23480.5
F0385,1328,33.2,239,17.6,6.9,8,41.9,42.8,58.7,449,18.2,1,5.5,6.5,Wheat,Clay,Autumn,None,8586.82
F0386,1305,38.3,20,11.5,8.2,6.6,48.8,45.2,28.8,495,5.8,2,1.2,9.3,Barley,Loam,Autumn,None,100
F0387,1458,12,128,0.4,8.7,8.1,26.2,75.9,17.6,408,17.6,2,7.7,3.1,Soybean,Peaty,Spring,Drip,13753.84
F0388,539,6.1,82,16.1,13,6.5,34,51.8,55.4,530,2.5,2,4.3,1.8,Barley,Silty,Winter,Drip,5112.17
F0389,940,13.7,35,2.4,6.6,7.9,46.7,28.3,8.7,463,20.2,3,1.7,8.3,Soybean,Peaty,Winter,None,2422.63
F0390,1301,34.4,85,17,11.6,7,13.3,91.6,34.9,539,22,1,5.3,2.9,Barley,Peaty,Autumn,Sprinkler,7852.93
F0391,812,28.7,286,15.6,12.8,5.3,23.1,51.2,7.4,462,9.2,2,7.8,0.2,Corn,Clay,Autumn,Sprinkler,18473.59
F0392,1374,34.2,130,10.9,13.2,4.9,37.4,40.4,47.1,474,10.3,1,2.3,8.6,Rice,Clay,Spring,Drip,11622.43
F0393,351,6.8,216,6.2,11.8,6.3,26.4,32.1,44,508,16.5,2,6.1,3.1,Barley,Silty,Summer,None,9166.78
F0394,647,14.1,248,11.5,11.4,5.1,40.7,50.6,49.4,462,24.8,2,6,3.7,Rice,Clay,Winter,Sprinkler,11873.04
F0395,1045,34.3,124,19.1,8.8,4.8,18.1,73.5,3.3,490,17.3,2,3.9,5.6,Wheat,Loam,Summer,Sprinkler,14517.97
F0396,1400,8.7,148,18.6,11,5.5,2.8,29.1,54,484,17.1,2,4,1.5,Corn,Loam,Winter,Drip,12276.34
F0397,101,20.3,79,17.6,9.8,7.3,11,91.8,0.6,455,4.5,3,3.9,5.7,Soybean,Clay,Winter,None,6280.02
F0398,702,12.4,280,12.6,8.9,7.4,42.5,52.9,8.6,469,7.8,1,3.5,9.8,Soybean,Silty,Summer,Sprinkler,17834.1
F0399,575,25.1,163,10.2,14,5.6,3.2,41.2,48.4,511,3.9,3,0.8,2,Soybean,Sandy,Autumn,None,8366.34
F0400,320,16.2,179,0.7,12.1,6.1,35.2,85.3,28.3,403,21.6,1,6.4,6.7,Wheat,Sandy,Autumn,Drip,11717.04
F0401,984,18.4,222,8.1,7.2,7.1,8.3,92.9,6.8,485,24.4,2,2.2,2.2,Rice,Sandy,Summer,Flood,15692.75
F0402,989,37,238,11,4.1,6.7,22.9,34,13.4,493,21.4,3,4.7,3,Wheat,Sandy,Spring,Flood,9150.92
F0403,780,34.1,68,8.2,7.2,4.6,0.9,92.3,9.4,475,0.9,2,4.5,8.9,Wheat,Loam,Autumn,None,5901.56
F0404,491,17,300,11.7,12.5,7.3,28.3,64.8,52.5,443,7.8,1,0.8,6.5,Barley,Silty,Summer,Flood,19802.83
F0405,785,28.3,32,7.3,8.8,7.5,43.4,35.1,52.6,444,14.7,1,1,9.8,Barley,Silty,Autumn,Drip,5966.91
F0406,614,33.3,171,10.6,4.2,4.8,10.3,40.2,45.8,481,6.9,2,1.1,1.5,Soybean,Silty,Summer,Drip,15680.49
F0407,983,32,127,3,5.4,7.9,49,20.2,16.2,407,4.2,3,3.8,6.2,Rice,Silty,Spring,Drip,16738.94
F0408,1237,26,128,4.9,11.7,8.3,26,56.6,55.6,443,0.2,1,4.4,0.2,Barley,Clay,Summer,None,11823.45
F0409,1154,24,6,6.6,10.5,8.5,1.3,36.2,42.7,386,8.5,1,4.6,7.4,Wheat,Peaty,Spring,Flood,6422.02
F0410,794,18.2,113,6.8,10.4,7.4,48.1,78.3,60,404,10.3,2,4.8,4.2,Soybean,Peaty,Spring,Sprinkler,13953.33
F0411,380,38.6,38,3.2,13.6,5.7,7.6,28.6,42.3,468,14.1,1,3.5,1.6,Soybean,Silty,Winter,Flood,100
F0412,1373,22.8,286,15.7,6.6,8.1,19.7,84.6,8.9,442,5.6,3,6.8,7.5,Rice,Peaty,Spring,Sprinkler,22298.7
F0413,856,19.6,181,9.9,13,5,42.6,88.9,37.9,434,0.6,3,5.2,8.5,Soybean,Silty,Autumn,None,13289.65
F0414,1266,28.6,202,5.8,5,5.6,43.8,73,33.8,462,4.8,1,6.3,8.5,Wheat,Peaty,Winter,Sprinkler,11994.99
F0415,147,21.5,75,19.9,12.9,8.4,5.2,34,5.9,435,16.7,3,3.2,8.4,Barley,Silty,Winter,Flood,9282.7
F0416,756,24,60,10.1,4.1,5.8,44.3,22.7,13.2,449,15.8,2,6.8,6.8,Barley,Sandy,Summer,Flood,8401.16
F0417,1070,23,180,11.3,13.3,5,19,66,10.7,550,22.9,2,6.6,9.5,Corn,Clay,Winter,None,9367.22
F0418,591,19.5,120,1.7,5.7,5.9,48.3,67.6,28.2,523,20.5,1,1.7,9.6,Rice,Clay,Summer,Flood,13038.55
F0419,374,36.3,9,1.8,8.5,4.8,18.5,88.6,8,478,16.5,3,2.6,4.5,Wheat,Silty,Summer,Flood,388.16
F0420,668,8.3,144,13.9,10.2,4.6,41.4,52.3,39.8,489,24.2,3,5.3,8.9,Corn,Sandy,Summer,Drip,10018.71
F0421,964,27.4,131,9.4,10.5,5,15.1,61.3,30.6,443,18.5,3,1.8,0.2,Wheat,Clay,Spring,Drip,16626.47
F0422,1060,29.9,177,12.9,5.9,8.2,11,36.9,37,414,6.6,2,7.1,4.9,Rice,Sandy,Summer,Flood,14101.5
F0423,1023,31.9,233,9.1,7.6,7.2,9.7,27.5,55.5,514,7.7,1,2.2,3.8,Wheat,Sandy,Spring,Flood,11023.11
F0424,911,29.9,273,9.8,12.3,8,16.9,71.6,41.5,530,19.3,1,3.3,5,Corn,Clay,Autumn,None,11018.46
F0425,1316,15.9,243,1.1,7.8,7.3,12.4,68.4,3.3,461,7.8,1,6.9,7.1,Corn,Peaty,Summer,Flood,20017.58
F0426,693,19.4,227,12.9,9.3,7.7,36,76,4.7,437,21.7,2,5.1,2.9,Barley,Peaty,Winter,Sprinkler,12917.09
F0427,1405,16.5,299,2.7,13.7,5,11.9,67.4,57.7,393,2.2,2,4,4.9,Barley,Loam,Winter,Sprinkler,15277.3
F0428,1481,11.9,298,7.6,12.3,5.7,28.7,73.1,33.2,541,3.8,1,0.7,5.5,Barley,Peaty,Winter,None,7624.96
F0429,1420,9.3,15,1.9,6.6,6.5,9.5,26.4,29.3,530,8.5,2,7,7.7,Soybean,Silty,Spring,None,1619.78
F0430,914,20.6,7,13.3,4.1,7.4,14,69.4,29,544,7.3,3,5.7,9.6,Rice,Peaty,Winter,Sprinkler,5944.46
F0431,967,17.2,65,12.4,12.2,5.3,6.7,54.9,44.6,396,4.5,1,7,2.6,Wheat,Loam,Spring,None,11721.05
F0432,575,38.1,237,7.5,8.5,6.4,19.7,82.5,20.1,503,8.1,1,5.5,0.1,Soybean,Sandy,Autumn,Sprinkler,7127.04
F0433,1425,25.7,47,5.1,8.7,6.4,4.7,69.5,34.6,389,12,2,8,3.9,Corn,Peaty,Spring,None,9840.43
F0434,1118,34.1,139,9.5,11.9,8.1,14.8,37.3,23.4,508,16.4,1,6.4,7.4,Wheat,Silty,Spring,Sprinkler,13138.96
F0435,546,10.4,100,7.7,13.9,8.2,26.8,74.6,53.4,505,5.2,3,0.6,9.7,Rice,Sandy,Autumn,Flood,6790.95
F0436,1454,22.5,267,13.8,10.5,5.7,37.6,92.4,4.3,476,2.2,3,5.7,7.9,Soybean,Silty,Autumn,None,14743.91
F0437,519,28,121,2.1,9.7,5.2,13.2,63.5,45.7,529,8,3,5,3.4,Soybean,Loam,Winter,Flood,11311.62
F0438,133,7.2,201,4,5.5,8.2,13.3,53.4,27.7,545,1.4,2,6.8,5,Wheat,Loam,Spring,None,9475.61
F0439,285,12.2,186,15.3,12.9,5.3,46.6,56.2,37.7,421,19.1,3,2.9,7.5,Soybean,Sandy,Winter,Flood,6816.71
F0440,225,16.7,152,10.3,9.8,7.6,30.6,65.1,5.8,454,17.6,1,7.8,9.4,Soybean,Clay,Summer,None,10760.24
F0441,119,6.7,65,11.5,6.2,7.3,25.7,34.6,48.9,487,0.5,1,2.4,7.6,Wheat,Sandy,Summer,None,1558.94
F0442,836,22.5,42,13.9,11.4,8.5,3.6,64.3,47.8,401,11.8,3,7.9,3.6,Barley,Loam,Summer,Flood,14600.29
F0443,1242,26,79,4.4,7.7,8,43.5,87.4,11.7,550,3.8,1,4.6,8.7,Barley,Loam,Winter,Drip,11341.86
F0444,582,17.5,73,10.9,8.4,6.9,40.2,64.9,24.6,504,23.6,2,4.4,3.1,Wheat,Loam,Summer,Flood,15038.86
F0445,1121,14.3,141,13.5,7.2,6.3,38,89.2,7.4,520,23.7,3,5.6,5.3,Corn,Peaty,Summer,Drip,19876.28
F0446,747,19.1,158,16.4,13.4,7.5,16.3,20.8,0.1,544,13.9,3,6.7,4.9,Rice,Peaty,Spring,Drip,21843.04
F0447,1107,33.1,133,5.1,8.4,6.9,10.1,48.8,38,479,19.1,1,7.5,2.3,Soybean,Peaty,Winter,None,5859.4
F0448,1275,19.3,117,4,8.8,8.1,25.3,66.2,4.5,380,4.5,2,2.7,5.5,Corn,Sandy,Winter,Sprinkler,9137.21
F0449,1408,22.5,147,19.7,4.5,8.4,16.3,67.5,15.1,413,18.8,1,5.2,8.6,Wheat,Peaty,Autumn,Drip,15334.92
F0450,1318,7.7,181,19,8.9,5.4,29.2,65.5,5.6,456,12.1,3,2.2,4.4,Soybean,Silty,Spring,Flood,12616.18
F0451,519,26.5,270,10.5,9.2,7.7,22.9,38.4,48,536,13.4,2,2.5,7.9,Barley,Peaty,Autumn,Flood,13809.86
F0452,991,13.5,289,6.4,7.4,5.5,22.2,31.8,8.5,509,6.9,2,3.8,3.8,Soybean,Silty,Autumn,Sprinkler,16192.59
F0453,248,32.5,41,18.6,11.6,7.8,29.8,70.2,50.9,436,3.2,1,6.6,0.4,Soybean,Loam,Autumn,None,5940.47
F0454,762,25.6,163,5.7,11.4,6.3,2.1,74.7,4,437,6.9,1,2.7,1.3,Soybean,Loam,Autumn,Flood,16716.81
F0455,1446,30.9,240,2.1,5.3,6.9,12.2,47.9,47.5,474,15.3,2,2.9,9.1,Corn,Clay,Winter,Flood,9903.61
F0456,1268,18.9,80,10.1,11.3,5,38.3,44.4,28.2,546,21.5,1,6.3,7.9,Soybean,Clay,Winter,None,5475.78
F0457,489,21.3,217,5,9.9,6.4,42.4,50.9,34.2,548,14.2,2,4.3,3.3,Corn,Peaty,Summer,None,15613.12
F0458,213,29,149,5.5,7.6,4.7,47.3,87.1,43.8,386,17.2,1,7.5,6.1,Corn,Peaty,Winter,Sprinkler,10908.47
F0459,472,29.1,75,8.1,5.5,6.6,1.3,66.6,40.2,469,10.6,1,1,4.4,Rice,Loam,Winter,Sprinkler,9111.11
F0460,1005,10.8,161,11.1,11.2,6.9,0.9,44.7,18.9,431,17.3,1,3.2,7.4,Barley,Silty,Spring,Flood,13691.11
F0461,793,26.7,244,2.8,9.2,8,17.8,79.8,51.1,484,15.2,2,1.9,7.8,Rice,Clay,Winter,Drip,12637.17
F0462,1221,13.5,230,15.6,12.3,5.2,28.7,81.1,46.3,408,7.2,3,4.8,3.1,Barley,Loam,Summer,None,16960.25
F0463,556,21.6,245,4.8,12.7,6.2,26.8,22.5,33.6,508,5.1,2,6.3,7.6,Corn,Peaty,Spring,Flood,20334.39
F0464,431,12,202,8.5,10.7,4.7,49.8,46.2,21.3,442,18.4,2,2.7,8.1,Soybean,Silty,Winter,Flood,9682.3
F0465,752,38,226,9.6,10.6,5.9,16.7,81.9,44.9,546,15.4,3,4.6,0.3,Wheat,Loam,Spring,Sprinkler,14031.19
F0466,766,23.5,77,4.2,8.8,5.7,26.6,31.5,56.5,384,19.8,1,3.3,7.9,Rice,Silty,Summer,Drip,15691.19
F0467,720,25.3,59,8.1,4.1,7.2,31.9,67.2,58.2,402,5.8,2,0.6,2.8,Soybean,Clay,Spring,Flood,8851.8
F0468,186,6.5,159,6.7,7,8.3,31.5,21.7,52.4,526,15.6,1,7.5,3.8,Barley,Peaty,Summer,Sprinkler,7606.63
F0469,1343,32.6,123,6.6,10.5,7.5,11,36.3,17.6,415,21.8,2,3.2,7.7,Barley,Clay,Summer,None,7756.51
F0470,178,23.3,113,4.7,4.6,7.6,32.5,85.4,36.8,484,10,1,5.5,0.4,Rice,Sandy,Autumn,Flood,10401.69
F0471,183,30.5,133,7.1,9.9,8.3,25,32.4,19,457,0.3,3,3.3,7.4,Barley,Clay,Autumn,None,7985.15
F0472,1017,12.4,254,16.5,13.5,6.5,11.5,21.3,51.5,519,7.4,3,1.3,1.8,Wheat,Silty,Winter,Drip,14939.04
F0473,296,17.8,51,7.6,7.3,8.2,12,31.6,21,487,2.7,2,3.5,5,Soybean,Sandy,Autumn,None,4366.85
F0474,431,32.5,299,7.1,9,7.5,18.5,61.7,37.9,545,12.6,2,1.4,9,Barley,Loam,Winter,Flood,10732.17
F0475,1435,12.7,172,15.5,4.9,6.2,13.6,88.1,15.1,402,22.4,2,0.8,2.6,Rice,Sandy,Winter,Drip,9265.4
F0476,980,14.1,176,13.6,9,7,13.2,69.5,50.4,409,20.9,3,6.6,5.6,Barley,Silty,Autumn,Flood,15239.99
F0477,620,25.8,248,16.6,5.4,6.9,29.9,89.8,44.2,459,22.5,2,5.5,0,Barley,Sandy,Winter,Sprinkler,10344.55
F0478,1484,9.2,223,5.2,11.6,5.6,17.9,41.2,19.5,467,9.6,3,2,8.2,Corn,Silty,Spring,Sprinkler,17229.68
F0479,981,30.2,45,4.2,6.6,5,29,46.4,55.8,540,9.1,1,7,3.4,Rice,Loam,Spring,Drip,12625.68
F0480,1130,27.4,261,18.1,10.5,6.6,23.8,31.3,11.3,458,0.8,3,1.9,6.2,Corn,Clay,Winter,Sprinkler,14093.77
F0481,1100,23.5,53,14.7,6.5,6.1,8.2,50.7,26.9,489,11,2,7.1,3.4,Corn,Silty,Summer,Sprinkler,17388.17
F0482,353,25.3,149,15.2,9.4,6.3,13.8,65.8,47.2,431,10.4,2,5.3,4.9,Soybean,Loam,Summer,Flood,19514.56
F0483,925,19.3,133,14.2,10,8,44.9,68.5,12.6,427,0.8,1,3.5,9,Rice,Sandy,Winter,None,6827.87
F0484,319,21.9,7,6.8,7,8.2,10.4,69.1,47.7,550,23.5,3,1.2,0.2,Barley,Peaty,Summer,Sprinkler,6527.99
F0485,915,19.1,276,16.4,5.6,6.2,25.3,82.7,44.3,537,16.1,2,7.7,0.7,Barley,Clay,Spring,Sprinkler,19128.24
F0486,1468,36.3,288,9.7,13.1,5.9,29.2,26.3,40.4,489,0.3,2,6.8,2.4,Corn,Loam,Spring,Flood,18938.15
F0487,878,17.4,148,7.9,13.5,6.1,27.8,65.4,8.7,466,2.6,3,7.9,1.5,Corn,Sandy,Autumn,None,10772.02
F0488,1413,8.5,125,6.7,13.6,5,4.3,85,50.7,528,12.4,3,0.6,1.4,Wheat,Peaty,Autumn,Drip,9843.42
F0489,1359,35.9,32,0.7,14,6.4,21.2,48.1,58.8,434,10.5,1,6.2,5.6,Rice,Sandy,Winter,None,1967.3
F0490,332,15.2,226,19.1,8.7,5.3,37.8,63.4,11.7,382,15.1,1,0.7,0.5,Barley,Silty,Spring,Flood,18360.19
F0491,1461,18.7,203,15.9,8.8,7,44.7,53.7,31.4,516,21.1,3,1.8,2.3,Rice,Silty,Autumn,Flood,18864.29
F0492,776,37.9,78,11.9,12.3,5.2,13.2,28.4,35.6,443,13.8,2,4.2,8.8,Barley,Silty,Summer,Flood,4237.61
F0493,697,13.2,43,10.1,8,5.7,3.3,81,49.9,526,4.3,2,6.2,2.2,Barley,Loam,Winter,Drip,7993.23
F0494,1171,13.5,179,7.2,10.4,6,27.2,47.1,0.8,507,18.7,1,5.1,0.5,Wheat,Loam,Autumn,Sprinkler,17427.88
F0495,485,9,74,1.9,12.8,7.7,10.1,37.7,48.4,475,16.8,3,3.7,0.2,Rice,Peaty,Spring,Flood,8275.09
F0496,163,8.2,102,19.8,13.2,5.8,40.6,48.7,41.2,433,1.9,2,6.1,1.3,Wheat,Silty,Summer,Sprinkler,12268.39
F0497,891,19,116,4.6,7.8,5.7,0.9,55.7,41.5,410,15.1,3,2.7,4.7,Barley,Sandy,Summer,Drip,12921.98
F0498,325,26.1,293,7.2,9.5,6.9,38.7,79.8,14,471,3.9,2,8,3.6,Wheat,Clay,Autumn,None,11988.22
F0499,855,8,221,4.8,5.8,4.9,24.2,27.3,23.8,463,18.6,1,1.8,5.8,Wheat,Sandy,Summer,None,6212.97
F0500,1012,20.4,147,1.6,7,4.7,10,29.6,29.8,539,23.2,2,5.7,6.8,Soybean,Clay,Winter,Flood,8985.78
F0501,812,10.7,62,6.3,8.6,8.2,40.9,61.5,15,502,24.3,2,7,1.1,Barley,Peaty,Spring,None,6021.99
F0502,638,9.1,149,14,9,8.5,4.2,70.5,12.2,399,23.1,2,7.2,8.8,Rice,Silty,Winter,Sprinkler,9710.16
F0503,640,8.2,0,13.6,8,5.8,37.1,20.4,15.2,411,16.2,1,7.5,4,Rice,Clay,Autumn,None,1287.91
F0504,892,8.6,18,2.3,10.7,6.3,23,22.2,14.7,461,11.8,2,3.2,8.4,Barley,Sandy,Spring,Drip,862.91
F0505,631,5.4,32,11.4,10.7,7.9,36.3,73.2,52.4,521,20.5,1,6.9,0.8,Rice,Loam,Summer,None,1918.63
F0506,655,31.7,88,6.1,10.6,8.4,16.2,41.9,23.7,491,3.6,3,1.6,2.3,Wheat,Clay,Autumn,None,6718.89
F0507,227,27.5,150,2.5,4.7,4.8,11.6,80.5,56.5,469,2.4,3,3,1.5,Barley,Loam,Winter,Drip,13707.97
F0508,900,16.2,33,16.9,9,6.2,47.4,76.4,16.2,460,0.2,1,6.3,6.5,Rice,Sandy,Summer,Drip,10693.37
F0509,689,8.6,109,9.5,14,7.1,31.8,76.8,0.7,507,13.6,3,0.8,4.8,Corn,Loam,Winter,Sprinkler,9013.05
F0510,757,20.9,192,1.1,9.6,7.6,34.9,44.2,51.5,451,16,2,2.8,5,Corn,Clay,Autumn,Drip,17011.32
F0511,587,14.4,114,7.4,10.5,7.1,38.1,55.8,5.6,489,12.5,2,1.7,9.5,Barley,Silty,Summer,None,10601.31
F0512,1090,32.9,163,1,13.8,7.7,45.6,28.7,19.6,481,13.9,3,3.9,6.4,Corn,Silty,Spring,Drip,19192.29
F0513,1370,17.5,289,0.4,11.2,7.1,46.1,31.5,4,448,11.2,1,3.4,5.1,Rice,Clay,Autumn,None,11448.97
F0514,1341,26.2,88,5.8,8.3,7,2.2,71.7,43.4,542,20.7,2,1.8,4.9,Wheat,Peaty,Autumn,Flood,10333.83
F0515,1423,36.2,13,10.2,9.3,7.4,38.2,31.3,40.1,410,11.5,3,3,1.4,Wheat,Silty,Summer,Drip,2469.17
F0516,428,12.3,41,3.7,7.9,6.5,47.2,86.9,7.4,424,17.2,3,1.4,9.6,Rice,Clay,Summer,Flood,6438.2
F0517,288,11.6,89,9.9,11.1,5.3,35.1,84.7,10.8,405,16.9,2,5.9,0.1,Corn,Loam,Winter,Sprinkler,10830.12
F0518,1316,13.3,246,5.2,7.7,6.5,17.4,93.3,39.8,525,3.4,2,2.2,8.7,Wheat,Peaty,Autumn,Sprinkler,14145.2
F0519,1412,33.2,1,17.3,9.7,5.9,20.1,70.4,10.9,433,11.5,2,3.9,2.2,Barley,Silty,Winter,Sprinkler,3389.86
F0520,1494,32.5,36,2.6,5.5,5.5,33,23.8,1.8,464,4.7,3,0.8,8.7,Wheat,Clay,Spring,Sprinkler,4915.38
F0521,929,39.1,142,19.1,12.3,7.8,41.2,29.5,13.7,423,22.7,3,4.1,2.5,Wheat,Sandy,Summer,Sprinkler,6391.88
F0522,1071,7.1,294,6.1,9.8,7.8,28.3,53,31.2,502,15.4,1,2.2,9.9,Corn,Silty,Spring,Flood,12475.6
F0523,968,33.6,283,3.7,7.8,4.7,3.8,28,13.9,494,21.1,2,2.5,6,Wheat,Peaty,Summer,None,9680.73
F0524,604,23.9,101,8.9,6.8,7.1,11.6,35.7,3.7,444,14.4,2,1.8,8.4,Corn,Peaty,Spring,Drip,15960.5
F0525,741,15.8,225,17.1,12.8,4.6,32.7,58.1,7.8,432,22.9,3,5.9,6.7,Rice,Sandy,Autumn,Flood,12930.96
F0526,1237,33.4,289,13,6.3,8.5,24.3,93.1,45.8,467,12.9,3,3.2,4.6,Wheat,Sandy,Autumn,None,7465.76
F0527,860,19.9,150,2,12.8,7.7,38.7,48.6,25,506,1.5,3,5.7,2.1,Corn,Sandy,Spring,None,11902.13
F0528,1273,32.6,35,14.4,11,8.5,1.8,38.4,12.3,409,21,2,5.6,2.3,Barley,Loam,Autumn,Sprinkler,7199.83
F0529,1109,26.8,238,0.2,13.5,6.4,40.6,63.6,52.7,383,7.2,2,4.4,0.5,Corn,Clay,Winter,Drip,15151.99
F0530,473,34,229,19.5,7,5.7,7.8,85.9,55.3,395,19.2,2,6.8,5.8,Barley,Loam,Winter,Sprinkler,11584.36
F0531,1340,5.8,112,7.7,13.2,6.3,49.3,88,44.9,388,15.5,2,4.6,6.6,Wheat,Sandy,Spring,None,3526.46
F0532,742,29.3,164,0.2,13.8,4.9,16.4,44.5,42.2,517,19.5,3,3.9,2.9,Barley,Silty,Autumn,Flood,14476.66
F0533,479,6.2,161,5.2,13.3,7,24.5,94,0.6,424,1.2,3,3.5,5,Wheat,Loam,Autumn,None,7716
F0534,1491,13.5,12,1.4,12.8,8,37,60.4,23.3,502,0.5,1,6.8,7.8,Wheat,Loam,Spring,Flood,7978.92
F0535,656,38.4,183,6.2,6.6,8.4,1.6,73.5,15.3,471,6.3,2,3.4,7.9,Wheat,Clay,Autumn,Drip,7274.22
F0536,1002,17.3,184,8.1,6.8,8.1,20.1,30.1,26.6,395,2.1,1,4.5,7,Barley,Peaty,Summer,Flood,17079.16
F0537,1333,16.6,40,1.8,9.1,5.2,34.2,48,33.4,410,9.2,2,5,3.1,Wheat,Silty,Autumn,Sprinkler,10373.35
F0538,999,35.4,36,15.5,6.6,7,44,81.4,50,405,15.6,3,7.7,2.3,Rice,Silty,Winter,None,4263.92
F0539,420,29.5,62,11.7,8,4.7,21,39,17.6,477,14.8,2,3.2,9.5,Rice,Loam,Winter,Drip,8426.66
F0540,468,13.8,157,1.7,10.6,5.4,43.3,67.5,16.3,451,19.2,3,5,7.1,Barley,Clay,Spring,Sprinkler,13453.26
F0541,1284,21,166,19.6,4.9,7.9,44.5,63.1,18.6,466,21.3,3,2.4,4.1,Rice,Peaty,Autumn,Drip,18154.71
F0542,416,27.6,148,11.2,12.4,6.5,24.2,70,40.4,502,10.5,2,6.9,4.7,Barley,Clay,Winter,Sprinkler,10494.4
F0543,521,20.8,23,6.4,6.7,5.1,6.6,29.5,32.3,494,7.7,2,6.6,4.3,Wheat,Peaty,Spring,None,6528.08
F0544,217,29.2,41,11.8,10,8.1,17.5,69.3,36.7,408,11.2,3,4.2,9.3,Corn,Silty,Autumn,Sprinkler,9684.21
F0545,131,23.6,181,8.4,12.6,5.8,36.8,35.9,53.5,531,16.3,2,4.1,6.6,Wheat,Clay,Autumn,None,10183.45
F0546,1077,38.8,56,5.4,7.6,6.3,49.8,76.2,41.8,472,9.2,2,2.4,2.8,Soybean,Clay,Summer,Flood,992.84
F0547,1410,34.1,275,6.4,12.1,5,47.5,40,44.8,448,8.9,3,3,6.7,Soybean,Sandy,Winter,Flood,6552.11
F0548,1478,19.4,123,16.6,10.9,8.4,47.6,78.5,41.1,421,11.8,3,4,5.3,Wheat,Loam,Spring,Flood,19520.36
F0549,392,21.6,292,6.5,9.1,6.7,36.9,68.4,25.6,483,0.6,2,7.4,8.1,Wheat,Peaty,Autumn,Sprinkler,16864.15
F0550,483,32.2,222,13.6,7.1,6.7,2.8,92,36.2,481,20,2,3.2,4.8,Barley,Loam,Summer,Flood,17456.4
F0551,1056,28.8,131,2.8,8.9,6.2,19.8,90.9,25.7,465,0.5,3,4,1.7,Rice,Peaty,Spring,Drip,18990.93
F0552,302,18.6,37,7,10.1,6.6,3.1,70.2,1.3,396,4.9,3,2.8,7.4,Soybean,Peaty,Summer,Sprinkler,9470.43
F0553,137,9.9,245,6,5.8,8.4,5.3,20.3,41.8,527,16,3,5.1,1.2,Barley,Sandy,Autumn,Flood,8353.87
F0554,715,19.7,134,0.8,4.7,4.9,13.5,88.6,35.4,404,24.4,3,1.6,8.1,Corn,Peaty,Winter,Drip,11308.23
F0555,572,24.7,30,19.9,10,6,11.2,91.1,17.4,428,13.9,1,5.9,3.6,Soybean,Silty,Autumn,Sprinkler,10102.75
F0556,687,36,271,10,7.8,6.4,3.2,38.3,49,425,21.9,2,6.4,6.8,Soybean,Sandy,Autumn,Flood,6902.95
F0557,262,39.8,294,4.1,4.7,5.1,8.3,53.3,36.4,451,21.5,3,5.3,6.8,Wheat,Loam,Autumn,Sprinkler,6942.09
F0558,1054,10,285,14.4,11.6,6.4,40.2,84.1,58.1,493,4.1,2,4.1,5,Corn,Peaty,Autumn,Drip,16216.65
F0559,1202,18.4,42,1,4.2,6,16,82.6,16.9,461,12.2,1,5.5,0.5,Corn,Peaty,Winter,None,6192.38
F0560,258,29.7,4,9.2,5,4.8,23.1,94.1,10.8,473,10.9,1,2.7,4,Barley,Loam,Summer,Sprinkler,5179.22
F0561,832,16.1,40,11.6,7.7,8.1,25.8,47.7,26.6,437,23.9,1,6.6,4.8,Wheat,Clay,Spring,Flood,7945.43
F0562,234,39.5,236,5.5,5.9,8.1,40.2,94.9,0.4,406,17.6,3,8,8.5,Soybean,Loam,Winter,Drip,6494.03
F0563,1011,12.5,109,4.7,10,7.7,33.2,90.8,33.9,485,3.9,3,5.1,1.6,Wheat,Clay,Spring,Drip,14689.92
F0564,1487,36.4,7,19.7,8.2,5.3,46.4,24,54.9,460,21.4,2,2.4,5.4,Soybean,Loam,Autumn,None,100
F0565,184,34.2,241,1.7,12.3,7.3,3.1,87.1,44.8,397,17.7,3,7.6,6.1,Wheat,Clay,Autumn,Flood,11481.06
F0566,1384,19.2,77,9.6,10,5.3,21.1,83.6,15.4,508,21.1,2,3.3,3.2,Rice,Silty,Winter,None,8094.4
F0567,816,5.3,139,3.4,7.1,8,38,78.5,45.6,466,21.3,1,6,1.6,Wheat,Silty,Autumn,None,4833.39
F0568,337,15.5,285,16.5,5,4.7,33.7,84.7,21.2,505,1.1,1,3.5,7.4,Barley,Clay,Spring,None,11662.34
F0569,881,34.8,166,17.8,6.6,7.4,31.4,89.3,45.9,483,12.3,3,0.6,5.4,Wheat,Loam,Autumn,Sprinkler,12316.25
F0570,232,16.5,63,4.5,10.7,7.1,2.6,30.7,3.8,524,16.6,1,2.7,8.7,Corn,Silty,Autumn,None,7478.8
F0571,111,20.6,195,13.2,4.8,7.1,11.4,47,28.3,437,14.9,3,6.4,3.9,Wheat,Silty,Spring,Flood,20212.15
F0572,740,13.8,235,15.7,7.2,4.6,34.5,85.3,20.9,408,17.8,3,7.1,0.1,Soybean,Silty,Spring,Drip,22471.26
F0573,1019,36.9,283,5,9.1,8.4,26.7,52.1,29,391,10.8,2,1.5,0.9,Rice,Silty,Winter,Drip,11026.92
F0574,462,24.4,119,6,12.6,5.5,18.4,53.9,10.6,473,15.6,3,2.2,4.2,Wheat,Peaty,Summer,Drip,17314.84
F0575,1049,36.9,143,15.7,4.5,6.6,17.6,63.8,16.1,453,17.2,3,7.1,3.9,Barley,Clay,Summer,Drip,10880.4
F0576,1204,6,90,13.4,5.7,7.5,5.3,21.1,33.6,389,3.7,2,6.7,0.4,Corn,Clay,Summer,None,5812.84
F0577,243,34.7,86,14.4,11.4,6.1,45.1,89.5,37.1,539,2.6,1,3.4,9,Corn,Silty,Spring,Sprinkler,11062.29
F0578,946,10.3,293,8.1,12.1,5.9,7.1,47,58.8,476,12.8,1,7.4,8.1,Soybean,Sandy,Winter,Drip,7833.61
F0579,1367,10.2,167,17.5,7.6,7.7,30.8,61.9,55.9,432,20.6,3,7,5,Wheat,Silty,Autumn,Drip,15393.32
F0580,509,27.3,147,17.8,11.5,8.4,27.2,58.6,59.5,441,21.3,3,2.2,0.3,Wheat,Silty,Winter,Flood,12510.79
F0581,111,14.7,31,4.5,12.1,7.8,19.5,62.4,50.9,442,11.8,3,6.5,2.8,Soybean,Clay,Winter,Drip,5097.7
F0582,204,27.2,161,15,12.2,4.7,32.9,63.3,9.6,496,10.6,2,1.4,1.9,Soybean,Clay,Summer,None,11638.26
F0583,197,16.2,25,17.9,5.2,7,24.4,87.7,30.5,380,13.5,1,4.1,0.2,Rice,Silty,Autumn,Flood,9021.2
F0584,766,32.4,227,3.3,7.1,5.2,16.3,47.7,3.4,428,8.2,2,4,0.9,Rice,Sandy,Autumn,Drip,12849.59
F0585,996,24.4,242,13.4,13.8,5.9,43.9,67.6,5.3,386,9,1,6.7,1,Rice,Clay,Summer,Drip,24918.59
F0586,106,22.2,21,19.6,11.3,6,40.2,31.6,24.4,539,3.6,2,4.7,8.9,Rice,Silty,Summer,Sprinkler,12217.47
F0587,1295,14.3,115,10.2,12.4,5.3,42.6,65.2,22.5,393,9.2,1,3.6,0.5,Barley,Sandy,Autumn,Sprinkler,9999.24
F0588,352,12.1,105,12.2,7,4.8,44.7,49.2,17.2,428,10.8,1,7.8,3.5,Rice,Peaty,Spring,Sprinkler,13124
F0589,499,7.9,156,18,13.7,7.3,27.8,28.8,1.9,519,14.6,1,7.4,3.8,Barley,Loam,Autumn,None,8725.45
F0590,320,23.7,281,11.6,12.8,7.6,0.9,31.7,49.5,441,20.3,3,4.4,6.3,Corn,Clay,Summer,Sprinkler,20404.96
F0591,590,8.6,291,7.7,11.7,5.8,13.3,21.8,18.6,519,22.9,2,3.7,3,Barley,Sandy,Winter,Drip,7412.88
F0592,412,18.6,82,9.3,8.8,6.5,25.4,46.8,58.3,504,4.8,1,6.8,7.7,Soybean,Silty,Summer,None,10516.39
F0593,401,12,22,11.3,4.3,6.9,23.5,23.8,41.2,472,2.5,3,7.4,1.4,Barley,Peaty,Summer,Flood,6530.32
F0594,1380,35.7,211,16.8,8,6.6,27.4,63,0.7,476,19.4,2,6.9,5,Corn,Peaty,Spring,None,11276.25
F0595,1172,7.2,81,9.7,4.5,7.4,19.2,57.8,1.4,519,19.4,3,3.9,1.3,Corn,Loam,Summer,Flood,10047.82
F0596,1351,26.3,233,19.9,8.4,5.4,13.6,74.4,37.1,468,22.1,2,2.4,5.3,Wheat,Peaty,Spring,Sprinkler,18462.1
F0597,1033,24.3,22,18.9,12,5.6,21.1,79.7,32.4,497,22.9,3,1.5,0.6,Barley,Sandy,Summer,Flood,7764.6
F0598,1132,29.1,216,14.1,11.5,6.2,11.5,21.8,29.9,522,0.2,3,2.1,5.2,Wheat,Loam,Winter,Flood,14406.67
F0599,1415,32.2,123,8.8,5.3,7.4,14.7,87.2,20,461,12.2,3,1.2,6.3,Barley,Peaty,Winter,Drip,8347.85
F0600,681,33.6,61,16.8,10.7,6.1,48.3,38.9,11.8,408,12.4,3,1.7,2.3,Corn,Loam,Winter,Flood,8055.94
F0601,179,17.3,244,8.2,5.3,6.6,13,21,6.9,493,11.2,2,7.8,1.4,Wheat,Silty,Autumn,None,13428.46
F0602,1146,28.2,218,6.9,5.3,8.1,28.3,51.6,27.3,536,4.5,3,0.9,4.6,Rice,Sandy,Autumn,Flood,11952
F0603,377,39.4,215,9.4,6.7,6.2,5.7,58.8,26.3,439,13.9,3,4.5,2.2,Wheat,Clay,Autumn,Flood,6900.23
F0604,515,34.2,268,7.8,5.6,7.1,28.4,87,59,395,5.7,2,3.3,2.7,Rice,Silty,Winter,Sprinkler,12120.15
F0605,1235,6.8,159,4,10.5,4.8,7.7,37.4,21.9,545,10,1,6,1.5,Rice,Peaty,Summer,None,8345.1
F0606,899,27.3,18,11.7,8.3,5.6,2.8,28,23.5,550,14.8,2,2.8,9.4,Wheat,Peaty,Spring,Drip,7330.97
F0607,609,6.4,49,9.5,9.2,5.6,43.2,68.8,9.4,381,22.8,2,1.9,7.1,Soybean,Sandy,Winter,Flood,267.11
F0608,1268,22.7,234,13.7,12.2,4.7,49.6,48,46.4,482,14.2,1,0.8,4.5,Corn,Sandy,Spring,None,11966.24
F0609,1384,23.6,206,15,4.7,5,0.5,31,2,385,10.2,1,1.6,4.6,Soybean,Clay,Summer,Flood,15994.18
F0610,602,15.9,294,12.9,11.6,6.2,42.4,93,17.1,505,16.8,2,1.1,10,Corn,Silty,Autumn,Drip,20631.85
F0611,130,10.5,191,14,12.8,5.3,18.3,67.9,33.7,461,14.1,3,1.9,2.6,Barley,Peaty,Winter,Flood,9087.58
F0612,761,10.7,271,14.8,12.4,5.2,46.2,40.5,13.9,548,6.2,1,5,5,Corn,Clay,Spring,None,12289.4
F0613,671,15.3,147,4.5,11.8,8.4,26.5,91.2,54.9,544,18.3,3,0.9,10,Barley,Loam,Autumn,None,10517.24
F0614,365,14.2,201,14.4,13.1,6.4,28.4,20.8,27,548,21.8,1,0.7,5.7,Barley,Sandy,Autumn,Drip,10467.03
F0615,1244,15.2,88,12.3,5.7,6.8,6.5,57.7,25.4,509,8.7,3,4,7.7,Wheat,Silty,Autumn,Sprinkler,13033.49
F0616,468,14.9,36,0,10.4,6.4,38.5,82.2,44.6,438,6.6,2,7.2,3.5,Barley,Peaty,Spring,Flood,8402.23
F0617,339,27.8,114,5.7,13.2,5.6,42.7,36.2,56.4,441,14.8,3,5.4,2.4,Soybean,Clay,Spring,None,9663.7
F0618,1443,37.1,166,12.4,11.4,5.3,32,79.6,10.9,458,15.9,1,7.8,5.1,Wheat,Sandy,Summer,Drip,10051.93
F0619,754,14,253,19.5,9.1,5.4,3.4,84.2,26.6,539,9.3,3,5.9,6.4,Soybean,Silty,Spring,None,15314.95
F0620,545,11.5,207,3.6,6.6,7.1,22.9,20.2,46.1,535,13.1,2,6,0.4,Corn,Sandy,Winter,Flood,8408.93
F0621,1151,26.8,123,8.8,13.2,6.5,41.9,34.6,33.9,407,20.3,2,3.2,2.7,Rice,Sandy,Summer,None,10081.67
F0622,1216,28.6,259,18.3,8.5,7.4,40.5,75.7,1.1,487,20.1,2,1.3,6,Barley,Sandy,Summer,None,10284.93
F0623,1282,16,246,18.6,8.5,7.7,36.9,34.5,12.3,545,11.1,1,1,6.7,Soybean,Clay,Autumn,Flood,12880.17
F0624,774,36.4,32,12.3,8.2,4.9,7.6,80.2,48.1,391,4.3,3,3.7,6.6,Soybean,Silty,Autumn,Drip,2334.99
F0625,1253,17.5,267,13.4,11.6,8,32,90.7,13.6,546,1.3,3,6.4,1.9,Wheat,Clay,Autumn,Drip,19638.66
F0626,541,36,196,19.7,6.1,7.4,14.7,83.2,23.1,427,4.5,3,5.6,4.8,Soybean,Peaty,Summer,None,9512.08
F0627,498,8.1,178,3.3,6.6,7.7,22.5,53.5,11.6,404,7.8,3,2.7,6.5,Barley,Silty,Summer,Drip,13663.18
F0628,335,25.8,289,7.5,6.7,8.4,33.6,61.5,0.4,527,23.7,3,6.7,7.7,Barley,Silty,Summer,Flood,20957.8
F0629,1014,37.9,38,16.9,8.5,8.2,32.5,24.4,40.4,518,3.9,1,5.3,1.2,Soybean,Peaty,Autumn,Drip,1962.47
F0630,1437,23.6,231,2.6,4.2,5.9,21,91.3,4.6,484,20.2,3,3.9,3.8,Wheat,Loam,Autumn,Flood,19120.01
F0631,119,38.9,170,1.1,6.7,5.6,19.9,47.9,27.2,457,11.5,2,6.8,8.5,Wheat,Clay,Spring,Sprinkler,6264.03
F0632,1037,35.9,71,11.8,8.8,8.4,21.9,44.3,1.3,418,6,1,5.1,3,Wheat,Clay,Autumn,Drip,6217.8
F0633,972,31.6,95,2.3,11,7,11.4,82.8,27.8,383,8,2,1.7,6,Soybean,Clay,Winter,Flood,6533.73
F0634,243,27.2,213,3,6,8.2,24.2,84.4,3,481,3,3,0.9,4.3,Soybean,Clay,Autumn,Drip,14744.66
F0635,1041,7,295,1.2,5.2,6.3,33.9,27.8,34.5,452,10.3,1,4.8,6.2,Barley,Silty,Winter,None,5538.21
F0636,655,26.6,35,17.3,5.5,8,27.3,43.3,28.1,524,13.5,3,1.6,7.8,Barley,Sandy,Spring,None,4468.25
F0637,1032,17.2,206,19.7,11.4,6.7,46.1,34.1,41.8,383,21.8,1,4.8,4.4,Soybean,Sandy,Winter,Flood,8990.63
F0638,781,25.7,181,0.3,12.1,5.3,36.5,26.6,50.1,477,11.2,3,4.4,0.7,Corn,Silty,Winter,Sprinkler,15611.14
F0639,136,23.7,273,3.7,6.9,7.8,22.7,51.5,19.6,525,7,3,1.8,8.1,Rice,Peaty,Spring,Sprinkler,18874.23
F0640,1267,19.3,120,9.4,9.4,7.7,5.8,74.5,42.5,477,20.2,1,0.7,9,Wheat,Peaty,Spring,Flood,13040.11
F0641,1316,6.7,221,14.7,6.8,5.5,5.4,77,37,419,12.4,3,7.1,10,Rice,Peaty,Spring,Flood,12021.54
F0642,1374,39.2,82,8.7,12.4,6.9,32.2,82,31.4,454,7.7,1,3.7,6.4,Wheat,Peaty,Winter,Drip,2327.55
F0643,896,8.4,244,15.2,10.8,7.8,44.5,55.2,33.4,387,8.6,3,6.1,3.4,Rice,Sandy,Spring,None,9591.66
F0644,123,13.9,245,9.7,10.8,8.4,49.9,22.5,3.5,401,9.1,3,6.4,8.6,Rice,Silty,Summer,Flood,21229.61
F0645,289,20.7,285,12.2,5.8,5.1,21.3,68.4,6,449,14.7,2,7,9.3,Rice,Peaty,Autumn,None,12572.77
F0646,1326,25,42,0.2,12.6,7.7,49.2,53.2,45.1,501,1.4,2,4.8,8.5,Corn,Sandy,Autumn,Sprinkler,8592.35
F0647,438,19.8,88,4.7,10.6,5.9,13.2,79.1,5.5,513,15.8,1,1.4,6.5,Rice,Loam,Summer,Flood,16343.96
F0648,666,32.3,189,17.4,5,7,45.3,35.4,21.7,509,19,3,4.2,1.2,Rice,Loam,Summer,Sprinkler,20898.14
F0649,754,36.4,163,3,13.8,5.4,5.3,35.3,21,503,19.8,2,2.9,4.4,Rice,Sandy,Autumn,Sprinkler,7315.6
F0650,556,18.1,6,8.4,6.6,7.3,39.2,32.8,53.5,390,11.9,3,4.6,5.2,Rice,Peaty,Spring,Flood,7283.49
F0651,483,17.8,177,10.4,11.5,6.8,31.7,47.1,30.4,498,18.1,2,0.6,0.6,Soybean,Clay,Winter,Sprinkler,10476.52
F0652,1485,9.8,73,15.1,13.4,7.2,3.6,47.8,51,542,23.5,3,0.7,7.8,Soybean,Silty,Autumn,Drip,7056.92
F0653,715,31.8,146,18.7,8.4,8.2,36.9,26.7,59.2,531,14.7,2,0.6,0.3,Soybean,Peaty,Winter,Sprinkler,8620.6
F0654,781,13.7,94,10.8,9.8,7.5,49.2,85.2,23.4,464,11.3,3,3.2,2,Wheat,Sandy,Summer,Sprinkler,10343.43
F0655,1421,22,199,5.4,6.9,5,8.1,60.6,52.6,432,19.6,2,6.7,6.8,Rice,Silty,Summer,Sprinkler,23335.55
F0656,1258,29.1,197,2.4,9.2,6.3,28.7,79.8,12.1,533,6.6,1,0.8,3.8,Barley,Silty,Spring,None,13668.95
F0657,1183,12,77,12.3,4.7,5.1,15.7,33.9,30.4,506,19.9,1,6.1,2.5,Barley,Peaty,Winter,Drip,6686.71
F0658,837,18.2,170,13,10.5,6.2,30.9,25.5,12.9,423,13.7,3,5.1,6.8,Corn,Loam,Spring,None,16949.23
F0659,103,28.7,280,17.8,11.6,6.6,44.3,20.3,6,532,18.6,1,5.8,0.3,Soybean,Clay,Spring,Drip,18034.38
F0660,160,22.8,170,19.6,10.6,5.6,39.1,83,10.4,506,24.8,2,2.1,5.6,Rice,Sandy,Winter,Sprinkler,9598.31
F0661,558,32.2,37,14.3,4.8,8.2,35.1,23.5,35.5,500,14.2,2,3,7.7,Wheat,Loam,Summer,Flood,5674.48
F0662,461,9.1,62,11.1,13.6,4.8,8.7,26.9,57.2,438,2.6,1,7.7,3.6,Barley,Silty,Autumn,None,5036.95
F0663,1002,15.8,3,4.3,5.3,5.4,22.7,76.3,18.5,442,21.7,2,6.9,5.3,Corn,Clay,Winter,Drip,5011.72
F0664,1191,16.1,85,0.5,6.2,7.9,43.3,32.6,23.8,521,22.2,1,0.6,3.4,Wheat,Silty,Autumn,Sprinkler,10198.21
F0665,298,37.7,9,19.5,12.3,6.3,20.1,67.8,9.4,519,16.3,1,2.1,4.5,Corn,Loam,Spring,Sprinkler,1455.04
F0666,1258,27.8,286,17.8,4.9,6.9,31,26.2,42.3,483,0.9,2,4.2,8.9,Wheat,Clay,Autumn,None,10751.77
F0667,420,6.3,144,7.3,11,6.8,34.6,86.6,21,441,24,2,0.7,9.5,Barley,Clay,Winter,Sprinkler,3754.1
F0668,766,39.1,18,6.2,12.3,5.6,44,47.2,4.5,466,2.5,1,5.4,0.3,Wheat,Silty,Summer,Drip,406.87
F0669,910,20.5,28,17.3,13.3,7.8,15.8,67.8,12.1,525,15.8,2,3.6,2.4,Corn,Loam,Spring,None,11144.07
F0670,886,12.9,264,19.1,7.6,5.6,43.7,21.5,0.7,521,7.5,2,1.6,3.8,Corn,Peaty,Spring,Flood,17734.29
F0671,838,6.5,158,8.6,6.4,5,11.6,39.2,38,474,21.7,2,4.3,6.8,Soybean,Loam,Spring,Drip,9099.94
F0672,688,27.5,30,2,5.1,7.1,8.9,27.1,58.7,406,15,3,7.5,0.1,Barley,Clay,Summer,Sprinkler,8339.84
F0673,132,34.5,57,17,11.7,4.6,40.8,54.6,38,385,7,1,7.1,6.5,Rice,Clay,Summer,None,5432.8
F0674,1155,27,145,19.8,11.3,7.2,1,86.6,15.4,522,24.5,1,7.2,8.3,Rice,Silty,Winter,Sprinkler,13830.89
F0675,885,32.4,173,4.5,8.9,7.5,36.3,73.3,44.8,409,17.2,3,7.5,9.4,Wheat,Loam,Autumn,Sprinkler,14661.76
F0676,707,17.7,188,7.1,13.6,8.3,36.1,46.3,28.2,460,10.6,2,1.5,4.5,Wheat,Sandy,Spring,None,10116.97
F0677,384,25.8,104,8.3,4.9,8.3,16.5,68.4,7,490,16.6,2,0.8,8.4,Barley,Clay,Summer,Flood,10992.08
F0678,330,22.2,219,0.3,5.7,5.2,13.1,27,25.3,427,13.6,3,3.1,9.3,Rice,Sandy,Spring,Sprinkler,14131.26
F0679,1107,17.9,16,1.9,6.5,8.4,27.9,61.5,26.7,537,5.1,3,6.1,6.2,Barley,Clay,Autumn,Flood,6478.41
F0680,1212,10.7,299,8.5,10.6,5.9,14.6,40.8,24.5,502,9.4,2,4.7,3.6,Wheat,Sandy,Spring,None,9028.18
F0681,447,16.6,24,11.1,13.2,4.7,18.1,86.2,52.8,528,22.1,3,3.7,0.1,Wheat,Loam,Summer,Sprinkler,11085.08
F0682,319,13.8,270,13.5,5.5,7.2,47,70.4,43.5,484,8.4,3,1.4,7.6,Corn,Clay,Summer,Sprinkler,17518.92
F0683,350,35.1,288,15.8,9.3,7.6,42.6,45.4,0.9,490,12.2,1,6,5.4,Corn,Peaty,Summer,Drip,17626.16
F0684,1179,15.1,53,14.8,10.4,6.4,29.3,68.5,44.1,464,0.3,2,7.1,5.8,Soybean,Peaty,Summer,Drip,12544.82
F0685,171,26.1,248,5.9,13.1,5.7,44.5,38.5,27.3,491,11.8,3,5.3,2.5,Rice,Clay,Winter,Drip,14496.74
F0686,750,31.1,190,8.3,8.2,5.8,9.4,50.7,9.8,501,5.5,2,7.6,4.9,Soybean,Peaty,Summer,None,11766.04
F0687,187,11.7,40,11.4,13.9,5.8,3.6,37.5,11.5,494,9.9,3,6.9,1.5,Soybean,Loam,Spring,Flood,8930.78
F0688,887,33.4,280,1.7,10.3,6.2,39.7,32,16.1,440,10.7,1,3.8,7.3,Rice,Clay,Spring,None,10277.08
F0689,540,21.2,273,0.9,6.2,4.8,9.8,84.5,28.9,410,20.1,3,4.7,4.1,Rice,Sandy,Autumn,Drip,15064.46
F0690,687,21.1,87,0.5,6,6.3,6.5,81.9,19.4,469,19.8,2,7,4.5,Soybean,Sandy,Autumn,Flood,8481
F0691,497,7.2,50,15.6,9.1,5.8,23.9,74.5,0.8,545,13.1,3,2.5,5.5,Corn,Silty,Winter,Sprinkler,4940.13
F0692,1467,17.8,259,14.7,12.9,6.1,44.9,58.1,37.2,413,7,2,6.5,1.8,Soybean,Clay,Spring,Flood,18561.48
F0693,1179,32.4,221,1.3,6.1,7.3,38.3,52.5,12.1,447,14.1,3,1.2,0.9,Wheat,Peaty,Winter,Sprinkler,10328.58
F0694,410,25.6,103,10.4,14,5.7,14.2,28.4,4.9,453,12.3,2,4.9,7.3,Wheat,Sandy,Spring,Sprinkler,11394.14
F0695,504,24.6,208,11.1,5,8,40.6,78.6,6.2,399,9.1,1,5.4,1.9,Soybean,Sandy,Summer,None,10859.13
F0696,169,37.6,45,4,8.9,6.1,45.7,55.5,31.3,483,0.3,3,4.2,6,Corn,Sandy,Autumn,Drip,2911.89
F0697,129,21.5,211,18.3,10.9,6.6,12.8,26.6,28.8,399,4.3,3,5.5,4.4,Wheat,Clay,Autumn,Drip,17447.48
F0698,1206,16.5,290,4.5,11.6,4.7,32.5,58.8,16.4,526,8.7,3,2.9,8.3,Barley,Sandy,Summer,None,10661.21
F0699,963,25.7,76,4.9,13.7,5.2,5.4,70.9,20.4,420,5.8,1,6.6,3.9,Soybean,Sandy,Autumn,None,6541.44
F0700,1279,14.8,251,0.7,4.8,7.3,15.1,27.9,59.1,420,0.9,3,2,4.2,Wheat,Sandy,Spring,Flood,12700.49
F0701,683,24.2,157,10.1,8,5.4,24.2,36.6,48.1,495,11.5,2,0.7,4.2,Soybean,Peaty,Winter,Drip,11355.39
F0702,1431,29,33,14.1,8.1,6.8,38.7,41.9,41.9,531,13.7,3,2.1,8.9,Barley,Clay,Winter,Flood,4296.6
F0703,928,37.6,124,13.5,8.8,7.8,18,45.7,27.2,506,22.2,2,4.7,6.9,Rice,Silty,Spring,Flood,9044.62
F0704,578,19.5,274,19.5,13.3,6.6,27.3,62.4,10,538,22.2,2,0.8,1.3,Corn,Silty,Autumn,Flood,20762.05
F0705,646,16.4,93,7,12.5,6.5,40.7,33,20,530,13.9,1,7.3,7.6,Wheat,Sandy,Spring,None,7440.53
F0706,997,30.2,106,15.3,9.9,4.5,24.8,26.8,9.4,536,22.3,3,7.5,5.1,Barley,Clay,Autumn,Sprinkler,10337.71
F0707,868,16.2,61,0.3,8.1,7.9,43.4,83.6,44.8,432,15.6,1,5.6,2.3,Barley,Peaty,Winter,Drip,7675.85
F0708,1484,21.5,187,11.8,5.8,8.1,18.5,44,18.1,476,5.3,1,4.7,9.7,Wheat,Silty,Autumn,None,12891.44
F0709,1464,22.3,1,15.7,7.9,8,26.4,66.9,57.4,452,2.9,3,3.5,7.8,Rice,Loam,Winter,Sprinkler,7403.01
F0710,338,19.3,34,13.2,5.9,4.8,15,72,22.6,498,17.6,1,4.3,2.9,Soybean,Silty,Spring,Sprinkler,9259.87
F0711,571,31.6,198,17.3,13.8,5.8,39.4,48.8,11.4,426,10.4,2,2,8.7,Rice,Loam,Autumn,None,12257.13
F0712,735,26.3,222,11.8,7.8,4.7,26.1,22.7,6.5,543,0.5,2,7.9,9.4,Wheat,Peaty,Winter,Flood,12268.01
F0713,1178,20.6,170,2.1,12,6.1,43.4,31.9,44.5,535,5.2,1,5,6.9,Barley,Sandy,Winter,Drip,9953.79
F0714,243,29,43,15.8,6.7,7.9,46,55.7,20.6,479,19.5,3,4.1,9.4,Rice,Loam,Winter,Drip,8618.69
F0715,217,18.4,107,18.8,7.5,8,5.9,79.1,17.1,440,10,2,4.1,3.8,Corn,Silty,Spring,Flood,18247.68
F0716,1287,28,103,14.9,11.2,5,23.7,64.2,28.3,464,19.5,3,7.9,8.1,Barley,Silty,Winter,Sprinkler,11411.21
F0717,161,34.3,156,6.7,10.7,8.2,10.6,89.4,31.7,476,21,2,3.5,2.8,Barley,Peaty,Autumn,Flood,9265.71
F0718,892,22,279,10.4,12.4,6.9,26.2,37.4,54.8,456,3.1,3,2.3,5.8,Barley,Silty,Spring,None,16624.77
F0719,1376,15,27,13.7,11.9,5.5,22.9,47.2,16.4,418,12,2,1,6,Rice,Sandy,Winter,Drip,5325.95
F0720,434,24.2,141,18.1,8.6,8.4,19.4,20.5,26.9,423,24.5,1,2.2,4.1,Barley,Sandy,Spring,Flood,11237.98
F0721,1325,26.3,58,13.5,4.2,7.1,23.2,86.8,28.2,387,2.7,3,5.4,6.2,Rice,Peaty,Winter,None,6914
F0722,455,39.5,201,19.4,8.5,6.9,5.1,93.7,46.7,397,13,1,3.5,7.3,Soybean,Loam,Winter,Sprinkler,5279.27
F0723,1180,19.4,206,18,12,7.6,1,34.8,44.7,484,3.2,3,6.6,5.2,Soybean,Sandy,Spring,Sprinkler,15598.06
F0724,924,18.9,141,11.3,8.5,7.6,48.2,80.2,49,524,16.2,2,1.3,1.1,Corn,Silty,Autumn,Flood,17544.35
F0725,1052,18.3,24,18.1,10.5,7.9,45.9,32.3,0.5,386,19.7,3,1.7,0.2,Corn,Peaty,Summer,Flood,11566.51
F0726,153,15.1,181,8,8.3,6.2,43.9,34.1,47.1,460,3.3,2,0.6,2.7,Wheat,Clay,Spring,Sprinkler,14742.44
F0727,351,37.5,233,6.5,10.9,7.3,48.8,27,48.6,502,11.2,3,7.7,5.7,Corn,Silty,Winter,None,7604.74
F0728,563,13.4,168,8.7,12.4,5.7,13.2,44,23.6,476,2.1,3,5.5,1.8,Corn,Clay,Spring,Flood,16793.42
F0729,1278,34.4,186,1.1,8.1,4.8,32,90.3,59.5,442,16.7,3,3.6,8.3,Corn,Clay,Autumn,Drip,12260.33
F0730,976,17.9,185,5.6,11.5,5,23,33,15.6,393,1.9,3,7.6,7.5,Wheat,Sandy,Autumn,None,9727.02
F0731,1364,11.1,261,18,5.1,5.7,43.9,68,49.5,467,15.7,2,1.4,9.9,Corn,Loam,Summer,Flood,18843.21
F0732,1424,5.1,261,1.7,11.6,7.6,42.4,38.4,45.9,391,11.6,2,5.1,5,Barley,Loam,Winter,Flood,7116.01
F0733,749,5.6,274,17.7,5.4,5.5,35.8,25.9,3.6,537,0.6,3,5.3,1.1,Rice,Loam,Autumn,None,9860.76
F0734,814,32,232,4.4,8.4,5.8,27,48.4,13.7,532,19.6,2,7.2,7.6,Wheat,Sandy,Spring,Flood,11447.97
F0735,1220,5.6,164,5.1,4.2,6.8,46.7,23.6,28.3,507,6.1,2,5.6,5.8,Corn,Sandy,Spring,Flood,7454.57
F0736,656,27.2,107,18.9,11.5,5.1,34.2,77.7,22.1,468,23.5,3,7.9,8.2,Soybean,Sandy,Spring,Flood,10668.96
F0737,1134,15.6,254,7.4,12,7.4,29.9,65.2,46.4,433,1.8,3,5.6,0.8,Soybean,Peaty,Summer,Sprinkler,20259.76
F0738,1011,24.1,271,18.4,11.9,6.6,9.4,85.2,30.6,534,11.1,1,0.6,8.5,Wheat,Peaty,Autumn,None,11836.9
F0739,1248,26.1,221,16.3,10.3,6.9,41.7,76.5,20.5,487,3.9,2,5.6,3.8,Barley,Loam,Winter,Drip,17923.08
F0740,420,20.7,273,16.1,9.1,5.9,33.4,22.6,20.5,549,22.7,1,2.4,7.9,Soybean,Loam,Spring,Drip,21918.66
F0741,1298,36.9,236,19.6,6.1,4.6,49.8,34.3,10.1,418,7.4,2,6.7,7.8,Soybean,Loam,Autumn,None,9047.45
F0742,1401,8.5,247,1.6,9.4,7,3.4,34.7,23.9,426,15.3,3,1,3.9,Wheat,Clay,Spring,Sprinkler,11854.81
F0743,1390,13.8,64,17.9,4.8,7.1,24.4,94.3,29.3,526,5.5,1,3.8,4.2,Soybean,Silty,Winter,Flood,7732.72
F0744,151,24,54,19.1,13,7.5,37,26,51.9,436,4.5,2,1.7,5.7,Corn,Clay,Spring,Drip,13306.22
F0745,195,7.1,252,5.9,12.1,6,27.7,21.8,17.8,522,21.4,1,1.2,4.9,Soybean,Loam,Summer,Drip,12072.09
F0746,715,18.4,129,19.7,8.7,4.7,23,68.3,29.5,496,13.2,3,1.7,2.6,Wheat,Silty,Spring,None,14241.16
F0747,1212,9.1,30,9.2,12.1,4.6,32.9,54.2,44.1,480,6.8,3,7,4.3,Rice,Silty,Spring,Drip,8699.52
F0748,1030,31.5,230,11.9,12.9,7.7,31.8,76.3,55.3,505,23.3,1,6.8,0.2,Corn,Silty,Winter,Flood,14546.05
F0749,1294,31.6,298,16.8,6.2,7.8,16.1,36.3,2.6,381,7.2,1,2,8.8,Soybean,Peaty,Autumn,None,9390.33
F0750,1215,11.1,237,17,4,5.1,22.6,35.2,42.5,537,10.9,2,6.4,0.9,Soybean,Loam,Autumn,Flood,15471.47
F0751,969,12.4,71,6.8,5,7.9,42.2,46.2,9.8,501,20,1,7.9,9.6,Corn,Sandy,Spring,Sprinkler,8015.75
F0752,1214,31.8,27,15.7,11.5,5.5,5.8,77.9,30.1,457,7.6,1,1,9.8,Wheat,Peaty,Winter,Drip,3887.64
F0753,1495,34,237,18.5,5.3,4.9,0.5,59.8,5.7,548,21.8,2,7.3,9.7,Soybean,Clay,Winter,Drip,9698.37
F0754,783,10.3,214,9.7,12.3,6.3,46.8,60.1,31.6,490,6.9,3,6.7,1,Wheat,Clay,Winter,Drip,11722.79
F0755,1068,36,179,17.5,12.4,6.2,14.9,33.9,10.3,497,11.1,2,4.5,8.3,Barley,Loam,Summer,None,10628.14
F0756,1087,33.4,113,13.6,9.7,4.9,48.7,68.8,39.4,387,2.5,3,5.9,8.8,Soybean,Clay,Summer,Sprinkler,10921.49
F0757,822,29.9,31,13.6,12,7.7,7.5,24.3,18.4,505,3.8,3,4.9,0.8,Rice,Clay,Winter,Sprinkler,7327.84
F0758,1415,26.3,176,13.7,10.3,5.4,6.7,76.8,41,528,17.1,1,3.8,5.5,Barley,Loam,Spring,None,15180.34
F0759,1142,8,209,8,10.6,7.7,47.1,67.9,12.9,431,6.9,3,2,2.5,Corn,Clay,Spring,Flood,13567.38
F0760,1169,22.5,127,5.7,5.4,8.1,19.7,27.1,32.2,454,6,3,3.6,5,Rice,Clay,Winter,None,8003.73
F0761,367,26.1,102,2.8,9.3,7.4,29.4,45.2,25.2,423,14,3,0.8,3.1,Barley,Silty,Spring,Sprinkler,14834.52
F0762,873,9.9,244,18.1,6.2,7.9,33.7,91.3,33.6,499,9.8,2,2.2,0.1,Corn,Loam,Spring,Sprinkler,20964.27
F0763,313,26.8,129,5.2,13.9,6.2,42.3,50.1,47.9,409,10.3,1,1,3.7,Corn,Sandy,Autumn,None,7780.04
F0764,1445,10,283,5.9,6.6,6.3,40.4,53,41,514,23.9,2,3.6,3.1,Rice,Clay,Spring,Flood,13518.19
F0765,1041,23.1,58,4.5,10.7,5,27,37.6,21,453,13.5,3,7.4,7.8,Soybean,Silty,Spring,None,9929.48
F0766,687,33.9,277,10.7,7.9,4.6,5.8,51.8,49.8,459,10.2,2,1.2,6.4,Corn,Loam,Summer,Flood,18025.67
F0767,1285,28,16,13.1,6.9,7.6,41.5,58,39.1,460,13,2,4.7,9,Corn,Peaty,Spring,Sprinkler,8784.54
F0768,1039,21.6,69,17.7,13.8,7.3,41.5,65.1,50,404,17,2,2.5,5.7,Rice,Silty,Autumn,Sprinkler,14183.08
F0769,616,5.5,269,0,5.9,7.7,28.5,23.4,24.1,404,15.1,2,2.9,7.5,Barley,Peaty,Summer,Sprinkler,8039.83
F0770,601,21.3,128,6.4,12.2,7.1,46.5,37.9,52.7,461,10.5,2,0.8,0.1,Barley,Silty,Summer,Drip,20635.31
F0771,116,17.8,278,0.5,12.7,8,35.1,20,19.9,429,11.4,1,4.6,4,Barley,Peaty,Spring,Drip,18478.79
F0772,428,32.5,79,1,11.6,5.3,45,51.8,44.3,422,5.1,3,4.9,3.8,Soybean,Clay,Spring,Drip,9434
F0773,1426,18.7,57,7.3,4.7,7.9,0.6,78.4,53.7,496,18.3,3,5.5,8.3,Wheat,Peaty,Spring,None,7824.14
F0774,416,28.2,209,4.3,9.4,7.9,10.4,63.7,53.7,518,12.2,3,2.5,3.2,Rice,Peaty,Summer,None,13673.12
F0775,1347,8.1,72,15.4,11.5,8.3,42.3,31.1,30.9,436,6.6,3,2.1,5.2,Rice,Loam,Autumn,None,5823.96
F0776,267,28.2,13,7,13.6,6.7,29.6,26.5,43.2,533,16.7,1,7.9,8.8,Rice,Sandy,Spring,Sprinkler,5411.08
F0777,1348,15.4,219,9.4,7.3,7.1,14.1,83.8,55.3,400,20.2,3,7.6,9.6,Wheat,Sandy,Winter,Drip,10148.85
F0778,672,16.8,264,6,11.4,5.6,21.3,61.4,46.8,481,8.7,3,6.8,9.8,Rice,Clay,Spring,Sprinkler,18884.34
F0779,1110,28,10,16.6,9.6,7.1,28.7,57.3,51.8,548,16.6,2,3.8,6.9,Rice,Silty,Spring,Drip,9864.25
F0780,776,17,191,17.5,8.2,4.6,0.6,45.5,39.2,408,3.2,1,3.4,1.5,Barley,Loam,Winter,Drip,15895.03
F0781,483,15.3,146,15.7,10.8,4.5,44.9,53.6,8.3,448,19.5,1,5.2,3.6,Rice,Clay,Spring,None,11780.51
F0782,426,34.3,272,9.6,6.9,6,22.3,70.2,36.2,538,2.4,3,0.9,7.2,Wheat,Peaty,Summer,Flood,13497.95
F0783,955,13.7,235,6.1,11.7,4.8,34.1,31.8,0.9,524,11.9,2,3.9,2.1,Wheat,Loam,Summer,Drip,24386
F0784,1237,32.1,95,18.6,12.5,6,7.4,58.2,33.4,478,21.9,2,0.7,9.6,Soybean,Loam,Autumn,Flood,8946.07
F0785,887,14.4,256,9.5,5.7,6.1,2.7,24,20.6,446,10.1,2,3.1,2.5,Barley,Silty,Spring,Sprinkler,19466.27
F0786,815,9.8,135,12.7,13.8,5.6,34.6,43.4,2.1,550,18.6,1,6.2,4.8,Soybean,Clay,Autumn,Drip,10426.9
F0787,975,26.1,171,13,12.5,6.6,27,53.1,52.5,547,15.4,2,4.7,1.6,Barley,Silty,Spring,Sprinkler,20521.22
F0788,1462,11.7,77,5.8,10.2,7,43.1,73.5,22.6,497,7.4,1,3.3,8.3,Soybean,Clay,Spring,Drip,8587.97
F0789,1217,26.8,1,17.3,9.2,6.9,34.4,63,16.3,444,25,1,7.8,3.1,Soybean,Clay,Autumn,Sprinkler,5260.38
F0790,1158,23.7,108,14.3,8.2,6.1,19.5,92.6,19,394,13.5,1,1.1,6.2,Wheat,Peaty,Winter,None,7229.57
F0791,1399,16.1,34,18.1,8.5,6.8,33.3,30.1,25.2,474,8,2,2.7,1.4,Wheat,Clay,Autumn,Sprinkler,7933.88
F0792,718,37.4,188,10.8,13.7,6.3,32.2,51.2,5.4,388,12.4,1,3.9,2.1,Barley,Loam,Autumn,Drip,12062.18
F0793,1165,29.3,123,7,13.2,4.9,10.5,80.8,41.6,394,24.1,1,2.7,3.2,Corn,Loam,Autumn,Sprinkler,15546.09
F0794,884,39.8,238,5.4,6.1,4.9,10.5,57.2,3.3,432,2.5,2,5.3,9.6,Rice,Peaty,Summer,None,7119.67
F0795,365,23.4,38,0.9,7.8,7.6,14.1,35.6,40.8,380,4.5,3,3.3,9.6,Soybean,Silty,Summer,Flood,9149.38
F0796,668,7.6,206,12.8,9.9,6.7,8,47,43.3,402,6.7,3,7.7,2.3,Soybean,Clay,Summer,Flood,12306.37
F0797,818,34.9,48,9.5,10.5,7.2,36.6,79.6,18.7,473,4.2,1,5.3,7.5,Barley,Loam,Spring,Flood,6822.44
F0798,783,15.1,240,3.1,5.7,4.6,38.3,87.1,57.7,437,15.3,1,2.5,6.6,Rice,Loam,Summer,Drip,22534.15
F0799,1337,9.7,186,16.9,5.7,5.6,21.2,79.6,58.8,550,5.6,2,3.2,3.6,Barley,Silty,Spring,Flood,14891.84
F0800,1236,7.2,78,11.1,12.8,7,2.7,45.9,21.6,433,20.6,1,7.3,0,Soybean,Loam,Winter,Drip,6101.07
F0801,1377,39.1,64,8.1,7.9,6.8,23.1,88.2,1.6,496,20.2,1,3,6.8,Rice,Clay,Autumn,Flood,1910.51
F0802,1156,25.8,19,12.9,7.2,8.2,10.5,41.7,2.5,441,0.5,2,2.3,0.6,Barley,Silty,Summer,Sprinkler,11558.22
F0803,315,35.4,219,17.1,8.7,7.9,29.8,77.1,47.8,403,21.1,3,1.6,0.5,Corn,Silty,Summer,Flood,16825.61
F0804,322,9.7,73,4.3,9.5,7.2,32,89.7,17.9,417,6.5,3,1.7,2.9,Wheat,Loam,Spring,Sprinkler,9354.17
F0805,145,10.2,67,15.5,4.6,4.6,27.5,70.4,15.9,440,8.3,3,4.9,4.9,Corn,Sandy,Winter,Sprinkler,5524.2
F0806,787,13.1,82,12.1,13.7,5,44.8,72.2,16.5,504,20,2,0.9,7.7,Soybean,Silty,Summer,Flood,11108.8
F0807,1320,35.4,234,11.6,7.6,6,32.3,23,3.2,442,22.4,1,3.3,1.3,Rice,Clay,Summer,Drip,15443.78
F0808,784,19.8,83,8.4,8.9,8.2,14.9,80.9,40.1,526,11.8,2,7,2,Corn,Silty,Summer,Sprinkler,19703.1
F0809,473,29.2,99,18.9,5.6,5.6,9.7,32,31.8,437,4.9,3,6.4,2,Corn,Peaty,Summer,Sprinkler,16794.31
F0810,434,12.6,14,7.7,8.9,4.6,49.9,42.4,10.3,466,23.1,1,4.9,1.5,Barley,Loam,Spring,Drip,5740.47
F0811,857,18.6,13,10.4,12.2,6.8,14.3,88.2,41.6,537,17.3,1,5.3,4.6,Barley,Sandy,Autumn,Drip,6299.72
F0812,800,24.3,119,4.1,9.2,6.5,17.3,77.2,34.8,448,8.5,2,3.2,3.5,Barley,Loam,Spring,Drip,20569.85
F0813,1141,29.5,94,6.9,13.1,5,24.4,62,52.4,397,13.9,3,6.6,5,Corn,Sandy,Spring,Drip,13015.58
F0814,683,21.3,179,3.4,10.2,5.6,2.5,67.9,22.9,414,16.6,1,3.9,9.4,Corn,Loam,Winter,Flood,14745.27
F0815,1452,5,88,6.7,5.3,7.2,44.7,85.6,21.3,485,4.4,2,7.8,1.4,Rice,Clay,Spring,Drip,7268.35
F0816,1420,22.8,291,16.5,13.5,7.5,2.3,35,49.3,423,21,2,6.2,9.8,Barley,Silty,Autumn,None,13553.46
F0817,419,5.8,163,5.4,11.3,5.4,15.3,24.4,39.9,433,12,2,1.6,8.4,Soybean,Clay,Autumn,Sprinkler,4646.62
F0818,188,26.3,171,13.5,13.4,6.6,36.5,91.1,44.8,427,4.1,2,1.7,8.6,Wheat,Peaty,Autumn,Sprinkler,14769.47
F0819,922,14.6,227,5.6,9.5,4.7,8.6,51,56.2,439,0.9,3,6,4.6,Soybean,Silty,Autumn,Flood,16759.65
F0820,241,30.7,55,2.7,14,8.4,30.5,42.3,7.7,408,18.5,2,2.8,5.9,Barley,Clay,Autumn,None,4502.44
F0821,140,5.9,131,11.7,12.3,7.1,34.5,74.9,48.3,525,4.3,1,2.6,6,Wheat,Silty,Summer,Sprinkler,8643.09
F0822,692,7,135,1.7,4.7,6.3,40.1,47.8,0.6,402,9.1,3,4.4,5.5,Rice,Sandy,Spring,Drip,8358.16
F0823,179,18.5,7,15.4,8.4,7.7,26.4,45.9,4.3,483,0.5,2,1.4,7.2,Wheat,Loam,Spring,Flood,8136.75
F0824,419,7.3,117,10.8,5.1,8.4,9.1,74.4,50.8,445,5.2,2,5.1,2.6,Wheat,Clay,Spring,None,5599.05
F0825,173,18.8,215,19.3,4.1,5.5,11.2,83.7,2.2,431,12.5,1,1.9,0.1,Soybean,Sandy,Autumn,Flood,11679.71
F0826,1217,27.7,156,6.4,11.2,5.2,37.1,52.1,35.6,461,19.1,1,6.6,4.1,Wheat,Peaty,Winter,Drip,12489.85
F0827,303,28.5,298,14.7,10.1,5.5,38.7,21.9,35.7,509,2.9,3,7,4.5,Wheat,Peaty,Spring,Flood,17861.69
F0828,1302,9.8,94,10.3,8.5,8.1,40.1,39.9,11.5,464,20.5,1,3.5,2.6,Wheat,Loam,Autumn,Sprinkler,8683.12
F0829,455,21.8,272,18.7,8.3,6.9,44,22.8,4.2,423,14.1,3,1.5,8.8,Soybean,Silty,Autumn,Drip,19340.28
F0830,139,30.8,252,9.4,10.2,5.4,1.1,20.2,41.5,414,6.3,1,4.3,7.9,Soybean,Silty,Winter,Drip,12370.9
F0831,1396,17.5,112,3.8,11.6,8.5,28.3,70.4,47.5,478,2.1,3,3.4,1.6,Soybean,Peaty,Summer,Drip,17750.86
F0832,409,25.6,166,14.7,10.8,6,38.9,93.3,51.1,385,13.9,1,5.6,6.2,Soybean,Clay,Winter,None,7834
F0833,1263,11.3,244,7.8,8.8,7.5,44.5,35.5,49,532,16.2,2,0.8,3.9,Wheat,Peaty,Winter,Sprinkler,9233.42
F0834,976,5.3,174,7.1,9.3,4.6,27.6,23.2,37.5,427,9,3,5.8,7.6,Wheat,Loam,Spring,Drip,11256.86
F0835,173,17.3,189,17.8,13.3,5.7,42.3,39.6,25.1,480,1.2,1,5.7,6,Wheat,Peaty,Autumn,Drip,17268.13
F0836,186,20.4,47,11.6,11.6,6.5,24.9,39.8,0.9,414,20.9,1,3.9,2.8,Rice,Peaty,Summer,None,8566.02
F0837,291,39.1,244,8.7,7.3,4.6,17.3,85.3,44.3,406,8.3,2,3.2,9.4,Wheat,Loam,Summer,None,7342.14
F0838,1371,16.3,275,5,9.6,4.6,21.5,41.8,25.8,472,22.1,2,7.6,8.5,Corn,Peaty,Spring,Sprinkler,19264.6
F0839,765,38,161,5,10.6,8.4,25.1,58.9,10.2,497,13.6,3,0.7,4.9,Soybean,Loam,Summer,Sprinkler,9517.75
F0840,106,13.7,73,16,4.1,5.1,1,71.4,1.5,498,8.7,3,4.4,8.1,Corn,Loam,Spring,None,10472.16
F0841,824,9,205,8,9.6,6.5,44.8,23.6,13.4,531,7.2,3,5.8,8.9,Soybean,Loam,Autumn,Flood,12340.61
F0842,1424,9.9,86,19.7,10.9,8,17.4,78.5,47.5,389,4.2,2,0.6,8.5,Corn,Silty,Spring,Drip,13140.22
F0843,1171,27.7,211,7.1,7.3,5.1,27.3,80.6,54.2,539,14.4,1,6.9,6.7,Wheat,Peaty,Autumn,None,10857.84
F0844,489,35.7,32,10.6,5.8,6.7,39.4,42.8,15.3,437,16.7,2,7.3,3.8,Barley,Silty,Winter,Drip,2912.15
F0845,1419,27.6,31,10.2,8.4,5.4,19.9,36.2,31.7,435,16.3,1,5.8,0.2,Soybean,Peaty,Autumn,None,5687
F0846,439,27.5,275,18.7,7.4,7.9,3.9,93.2,57.6,408,18.9,2,4.2,7.4,Rice,Silty,Spring,Flood,20991.89
F0847,1171,37.6,209,0.9,4.2,8.3,35.4,29.7,22.2,487,9,1,6.2,2.2,Soybean,Loam,Winter,Sprinkler,7805.32
F0848,1407,37.1,153,14.4,10.3,4.6,26.6,87.9,44.8,476,24.5,2,5,0.2,Corn,Peaty,Winter,Sprinkler,8118.55
F0849,345,40,150,12.1,7.9,4.7,9.6,61.7,53.5,399,8.6,1,0.7,0.2,Barley,Silty,Autumn,Sprinkler,5021.53
F0850,313,26.6,149,14.1,11,6.6,26,77.4,48.1,441,23.2,2,6.6,0.7,Wheat,Clay,Autumn,Drip,14984.55
F0851,1341,23.5,128,6.9,11.5,6.5,32.7,76.5,42.5,417,22.1,1,3.9,9.1,Corn,Silty,Spring,Flood,18438.71
F0852,193,33.7,182,16.5,4.6,7.3,22.6,45,0,462,4.8,3,2.9,8,Wheat,Silty,Winter,None,7826.93
F0853,1404,27.1,196,14.3,10.5,6.1,3.9,33.6,15.2,451,2.1,2,6.2,0.9,Soybean,Sandy,Summer,None,11495.21
F0854,1361,16.1,212,14.2,10.4,6.5,15.4,45.7,26.6,421,17.4,3,3.2,5,Corn,Loam,Summer,None,18475.74
F0855,515,7.1,198,1.4,12.7,6.1,30,43,53.9,395,1.5,3,4.9,3.3,Wheat,Silty,Autumn,Drip,12653.85
F0856,1486,16.6,218,16.6,8.5,5.5,19.4,39.6,8,456,23.5,2,6.2,2.8,Barley,Silty,Winter,None,10395.13
F0857,334,36,231,5.5,12.8,7.6,40,68.4,25.9,467,4.5,1,7.3,3.8,Barley,Sandy,Winter,Flood,6644.45
F0858,857,31.7,174,13.5,6.6,5.4,18.4,46.9,14.2,548,7.5,1,1.9,0.5,Rice,Peaty,Summer,None,12454.8
F0859,1284,14.2,17,6.6,12.9,6.5,3.9,62.2,39.3,478,19.3,3,1.7,4.5,Soybean,Loam,Summer,Drip,8098.54
F0860,1206,16.6,75,17.3,9.2,4.8,32.7,68.6,16,386,3.3,3,5.1,6.6,Rice,Peaty,Summer,Flood,15096.06
F0861,591,24.2,159,5.4,12.5,7.7,15.4,51.8,31.5,540,15.5,3,5.3,0.5,Wheat,Sandy,Autumn,Drip,13708.96
F0862,622,37.8,89,9.8,7.1,7.7,27.7,34.5,46.9,517,2.1,2,1.4,8.8,Wheat,Clay,Autumn,None,2156.36
F0863,421,7.3,250,4.2,13.3,7.9,3.6,21.5,38.4,435,22.6,3,5.7,1.2,Corn,Peaty,Winter,Sprinkler,8963.74
F0864,346,19.8,159,14.9,10.6,7,44.1,49.5,56.1,399,12.6,1,2.8,5.7,Barley,Peaty,Winter,None,8045.37
F0865,1388,27,64,5.2,8,8.4,49.4,54.2,23.5,493,2.3,2,4.4,5.7,Barley,Silty,Winter,Drip,9893.82
F0866,1034,23.8,88,3.8,7.2,5.1,15,25.3,46.6,441,6.3,2,1.5,2.9,Barley,Clay,Spring,Sprinkler,11979.8
F0867,296,38.7,177,17.5,9.2,5.2,4.7,26.9,36.2,380,11.3,1,3.8,4.7,Corn,Clay,Spring,Flood,8158.86
F0868,504,33.9,59,4.2,11.9,6.1,10.1,86.7,9.7,462,24.7,1,7.7,2.4,Rice,Loam,Summer,Sprinkler,11235.44
F0869,458,33.5,45,0.7,5.6,8.3,15,64.2,36.3,526,19.1,2,4,2.3,Soybean,Silty,Autumn,Drip,4758.78
F0870,838,20,64,7.4,6,4.7,18.9,80.3,51.9,481,21.9,3,4.3,6.9,Rice,Sandy,Autumn,Flood,7819.48
F0871,571,20.3,221,4.7,10.3,7.8,33.3,89.8,11.6,413,19.6,2,6.2,5.6,Rice,Loam,Spring,Drip,26523.43
F0872,147,14.6,297,5.9,10.2,8,22.6,91.8,38.5,541,8.5,2,5,4.8,Wheat,Clay,Summer,Flood,16106.67
F0873,447,7.1,296,14.8,9,5,11.2,31.3,35.5,509,4.8,3,7.1,9.2,Wheat,Clay,Summer,Drip,13279.81
F0874,1464,38.3,188,12.4,13.4,6.5,36.3,93.3,30.8,440,1,3,7.8,0.3,Soybean,Clay,Winter,Drip,8943.5
F0875,769,28.9,138,17.4,9.2,4.8,45.9,51.2,54.9,506,6.5,1,1.3,8.8,Corn,Clay,Autumn,Sprinkler,13092.65
F0876,644,25.1,66,11.6,11.6,6.4,30.3,25,22.8,396,12.3,2,2.9,7,Wheat,Peaty,Winter,Drip,8998.93
F0877,363,5.6,188,19.6,7,7,21.3,59,6.4,401,8.5,3,2.1,7.4,Soybean,Clay,Spring,Drip,8715.82
F0878,530,26.3,186,12.6,13.8,7.1,3.4,83.8,24.8,409,9.3,2,2,6.3,Barley,Silty,Summer,Sprinkler,21321.04
F0879,159,17.6,91,15.9,7.4,6.2,49.7,57.2,15.9,450,13.8,3,3,3.6,Corn,Loam,Spring,Flood,17791.95
F0880,1267,30.6,83,14.3,4.3,5.8,45.6,62.4,22.2,525,2.5,1,2.3,6.4,Soybean,Loam,Spring,Drip,13318.37
F0881,1286,7.6,202,16.3,8,6.3,4.1,58.1,49.9,509,21.3,2,4.5,7.2,Wheat,Peaty,Autumn,Sprinkler,9652.13
F0882,1341,14.1,7,0.7,11.9,7.2,38.8,79.1,49.7,463,12.1,1,5.1,8.2,Barley,Peaty,Summer,Flood,5444.09
F0883,1214,6.6,244,0.5,8.5,5.3,48.4,79.3,24.6,544,17.2,3,3.2,6.9,Wheat,Sandy,Spring,Flood,7826.32
F0884,1228,7.7,96,5.1,4.2,6.9,3.3,25.4,6.1,478,1.9,1,0.5,9.7,Wheat,Loam,Spring,Flood,6295.66
F0885,1154,33.7,155,14.6,5.1,7.9,0.9,74.4,17.1,463,4.1,2,7.1,7,Corn,Sandy,Autumn,Drip,11389.5
F0886,839,20.1,139,5.4,13.4,7.2,3.6,83,36.7,549,3.2,2,1.6,2.6,Barley,Peaty,Winter,Drip,12821.23
F0887,1116,33.2,56,2.2,12.8,5.7,30.1,76.2,55.7,414,23.3,2,6.6,1.3,Corn,Sandy,Autumn,Drip,7097.64
F0888,1254,15.4,45,18.3,12.5,4.7,11.4,72.2,7.4,496,14.5,2,3,3.7,Wheat,Clay,Summer,Sprinkler,10971.12
F0889,899,27.8,125,3.7,9.5,7.1,15,43,23.6,423,4.4,3,0.7,4.9,Corn,Silty,Autumn,Drip,17716.47
F0890,742,39.3,262,13.5,12.6,6.8,30.9,87.8,43.8,449,4,3,1,5.4,Wheat,Loam,Autumn,Drip,11050.07
F0891,913,10.3,228,9.8,4.9,7.3,47.7,29.2,3,475,14.6,2,6.1,9.1,Soybean,Sandy,Winter,Flood,6360.72
F0892,272,18.1,172,1.8,7.1,5.9,12.7,43.8,8.3,503,5,3,2.8,2.6,Rice,Sandy,Winter,Flood,9301.11
F0893,1174,21.8,87,11.3,4.6,5.1,49.5,48.8,46.5,547,16.2,3,2.5,0.3,Corn,Peaty,Spring,None,11210
F0894,1156,31.4,125,2.1,7.6,7.5,3.5,24.5,8.3,396,5.5,1,1.4,2.1,Soybean,Sandy,Autumn,Sprinkler,7590.58
F0895,676,19.9,157,3.7,6.8,6.4,17.1,88.1,8.3,414,22.3,2,0.7,6.6,Soybean,Peaty,Spring,Flood,13667.9
F0896,1253,21.3,242,12.3,11.4,6.6,33.8,52.7,46.8,399,1.6,2,0.6,4.5,Soybean,Sandy,Autumn,None,9539.73
F0897,989,32.5,194,9,11,7.3,47.3,53.2,54.6,537,21.6,2,2.9,6.6,Corn,Sandy,Winter,Drip,9166.94
F0898,362,6.6,33,2.9,12.4,7.8,47.8,47.7,34.2,437,5.9,3,7.3,2.1,Wheat,Loam,Summer,Sprinkler,3808.8
F0899,1230,8,155,4.6,5.1,8.1,15.7,43.1,52.7,529,12.2,2,1.4,6,Wheat,Silty,Winter,None,4785.79
F0900,776,36.4,56,2.4,8.9,8.1,25,44.1,22.1,512,10,1,3.5,1.3,Corn,Sandy,Spring,Sprinkler,4834.75
F0901,925,35.5,154,6.8,9.1,7.4,3.9,41.1,38.8,507,8.7,1,4.4,0.2,Rice,Silty,Summer,None,11003.31
F0902,234,7.4,254,10.6,10.3,5.6,38.8,65.2,10.2,458,23.4,2,5.1,2,Wheat,Sandy,Winter,Flood,6057.73
F0903,898,20,26,5.7,9.4,6.1,20.7,59.5,44.4,492,16.1,2,6.7,4.6,Soybean,Clay,Spring,Drip,8969.65
F0904,1160,30.9,191,14,8.6,5.4,21.1,44.5,17.1,434,19.8,2,5.2,8.7,Corn,Clay,Spring,Flood,15368.69
F0905,820,17,224,11.9,10.4,4.6,44.7,68.1,49.9,541,16,2,7.8,0.3,Soybean,Peaty,Spring,None,14116.87
F0906,312,32.2,134,2.1,8.7,8.3,28.9,61.6,22.9,412,6.5,2,3.2,7.9,Barley,Sandy,Spring,Sprinkler,8858.13
F0907,1383,10.7,53,10,6.9,6.6,15.7,31.7,52.8,449,5.4,2,1.7,7.4,Soybean,Loam,Summer,None,4966.26
F0908,360,6.8,37,0.1,6.9,6.8,17.4,73.6,57.2,407,18.1,3,4,0.5,Wheat,Silty,Summer,None,1547.83
F0909,942,20.8,118,8.8,7.7,4.7,19.8,83,37.3,425,1.5,3,0.5,7.3,Corn,Sandy,Spring,Flood,13228.14
F0910,895,36.9,58,13.5,11.7,5.8,33.6,29.5,23.8,528,22.7,1,1.3,7.4,Barley,Peaty,Autumn,Flood,2086.78
F0911,168,32.8,87,0.7,9.7,6.5,7.6,90.9,5.8,472,3,2,2.9,6,Wheat,Loam,Spring,None,7916.45
F0912,1280,19.3,172,10.5,7.5,4.8,9.4,57.1,2.8,453,5.4,3,0.8,4.6,Rice,Sandy,Autumn,Sprinkler,13210.43
F0913,444,10.8,287,9.3,10.2,8.3,24.6,42,32.4,481,0.8,2,6.3,9.8,Rice,Peaty,Summer,None,12149.24
F0914,1185,20.8,109,18.1,11.6,6.6,2.1,46.3,41.2,528,3.8,1,4.5,3.6,Wheat,Clay,Spring,Sprinkler,15436.64
F0915,436,10.2,238,9.9,4.4,5.6,31.6,39.8,33,536,10,2,3.6,2.8,Barley,Clay,Winter,Sprinkler,9124.94
F0916,446,19.6,202,14.5,7.7,7,33.1,62.8,3.3,410,22.2,2,5.5,0.8,Corn,Silty,Summer,Sprinkler,25657
F0917,889,26.4,17,6.2,10.7,4.8,13.5,26.2,44.9,447,5,2,7,1.7,Corn,Peaty,Winter,Flood,6961.44
F0918,167,16.6,105,6.4,11.8,7.8,20.2,40.1,19.5,481,0.2,3,6.2,8.9,Corn,Silty,Summer,Flood,18172.02
F0919,276,8,16,18.2,7.2,6.1,24.5,25.3,6.9,505,12.7,1,1.8,6,Corn,Sandy,Summer,None,1423.36
F0920,1291,7.7,149,18.9,11.6,5,27.5,25.3,26.6,502,24.2,2,1.1,4.1,Barley,Sandy,Autumn,Sprinkler,6460.06
F0921,1491,22,81,13.4,12.6,8.2,21.9,57.5,33.6,440,24.9,2,0.9,2,Barley,Peaty,Summer,None,9991.72
F0922,1147,12.6,57,7,10.3,5.2,32.4,21.8,56.7,503,14.7,2,3,0.5,Soybean,Silty,Winter,None,4406.38
F0923,201,11.5,73,9.7,7.6,7,43.7,66.4,33.6,440,22.4,2,6.5,2.6,Soybean,Clay,Autumn,None,4737.59
F0924,1067,15.1,90,10,9.7,6.8,13.4,57.4,25,412,15.3,3,6,2.5,Corn,Silty,Autumn,Flood,14783.36
F0925,909,30.6,261,4.3,11.5,4.6,30.8,27.9,54.6,486,23,3,4.3,5.9,Soybean,Sandy,Spring,Flood,11028.55
F0926,1328,23.7,31,5.3,10.2,5.4,39,44.7,7.6,503,9,2,1.5,4.9,Corn,Silty,Summer,Flood,13243.87
F0927,374,29.1,247,3.6,13,4.9,16.3,78.3,23.5,528,4.7,1,4.8,9.1,Rice,Loam,Summer,Sprinkler,23138.56
F0928,1462,18.8,35,8.4,9.5,5.2,11.6,63.6,25.6,381,23.7,2,6.7,3.2,Rice,Peaty,Autumn,Drip,11042.22
F0929,405,27.4,207,7.9,7,8.3,45.7,30.1,0.2,419,4.8,3,1.4,7.1,Wheat,Clay,Spring,Sprinkler,15422
F0930,775,37.4,27,15.5,13.4,6.2,23.2,75.3,25.2,472,8.9,3,7.5,5.8,Barley,Loam,Spring,None,2827.24
F0931,1322,18.3,211,11.7,8.1,7.5,49.2,62.9,34.4,468,17.2,2,2.3,6.7,Corn,Sandy,Winter,Flood,10032.18
F0932,1492,13.8,79,5.9,5,6.2,23.7,77.3,42.5,449,3.7,1,1.2,1.9,Soybean,Sandy,Spring,None,5610.51
F0933,717,9.6,55,16.2,11.9,7.9,45.9,39.3,12.2,496,8.2,1,5.5,5.9,Corn,Peaty,Spring,Drip,9603.63
F0934,1245,16.4,259,14.7,6.4,6.4,36.9,44.2,57.9,461,16.3,3,2,6.7,Wheat,Loam,Autumn,Sprinkler,18501.88
F0935,703,39.9,33,13.9,13.6,6.9,38.1,39.6,37.7,471,21.8,1,2.3,6.4,Wheat,Silty,Summer,Sprinkler,100
F0936,762,15.6,248,16,9.4,8.4,28.7,68.4,54.1,445,8.5,3,5.7,1.7,Corn,Clay,Winter,Sprinkler,13776.41
F0937,1149,37.6,177,9.2,10.7,6.2,37.3,47.7,17.6,534,4.9,2,2.9,7.3,Wheat,Peaty,Spring,None,7208.42
F0938,1159,38.8,56,15.7,8.1,7.3,21.8,20.8,16.4,437,11.3,1,4.1,6.7,Soybean,Clay,Winter,Drip,725.76
F0939,585,18.4,40,2.5,11,6.4,40.3,33.1,27.2,515,20.4,3,2.8,0,Soybean,Peaty,Autumn,Sprinkler,7914.76
F0940,1023,9.9,218,8.9,5.4,4.7,30.8,24.9,45.4,407,16.1,2,4.6,8.9,Wheat,Peaty,Winter,Sprinkler,8090.26
F0941,1026,16,285,7.7,6.6,8.4,17.6,85.8,27.2,465,8.2,1,2.5,8.4,Wheat,Clay,Summer,Flood,15952.24
F0942,579,24,139,1,10,6.4,17.6,51.4,35.3,394,14.5,1,2.4,3.6,Soybean,Silty,Autumn,Flood,13865
F0943,1451,31.3,180,7.8,8.1,7.4,8.4,76.7,11.2,409,23.5,1,5.1,9.9,Corn,Peaty,Autumn,Flood,12876.47
F0944,732,12.1,183,10.7,10.8,6,20.8,58.4,30.7,480,17.6,3,4.8,1.4,Barley,Clay,Winter,None,7378.44
F0945,1425,29.4,138,4.5,10.9,5.3,4.3,80.9,57.9,491,9.3,1,7.7,3.4,Soybean,Sandy,Winter,Drip,8793.83
F0946,499,26.2,189,16.1,8.2,6.8,27.1,37.7,48.1,535,14.3,2,5.8,5.2,Barley,Loam,Summer,Flood,20841.28
F0947,766,29.3,141,2.4,9.8,7.3,16,62.4,7.1,420,22.8,2,2.4,7.2,Barley,Loam,Summer,Drip,18281.04
F0948,922,21.2,199,2.9,13.1,6.7,15.8,91.1,22.2,504,15.9,2,7.9,7.9,Rice,Silty,Autumn,Drip,22432.28
F0949,511,17.9,236,8.6,13.3,7.7,28.7,65.6,19.2,550,16.1,3,0.7,7,Corn,Clay,Winter,None,9123.62
F0950,301,26.8,144,0.5,5.7,7.7,18.4,23.1,7.1,396,12.5,3,1.6,1.5,Corn,Loam,Winter,Drip,15163.67
F0951,207,25.6,162,1.8,11,7,3.7,75.2,18.2,445,22.6,2,1.8,5.7,Wheat,Sandy,Autumn,Drip,11224.84
F0952,759,9.4,246,10.1,10.9,4.6,35.3,42,22.6,519,7.1,1,6.7,2.3,Barley,Silty,Autumn,None,9951.73
F0953,531,33.8,125,15.5,12.5,6.7,28.8,23.2,42.8,523,5,1,4.7,2.9,Rice,Silty,Autumn,Drip,14141.64
F0954,200,19.2,130,13.2,11.4,7.7,43.8,41.8,56,504,17.1,3,7.1,9.8,Wheat,Sandy,Autumn,Sprinkler,10520.86
F0955,517,15,119,18.7,11.1,4.7,31.5,59.8,5.5,478,16.8,2,5.5,5.7,Soybean,Clay,Summer,Drip,15113.58
F0956,870,21.1,266,2.3,4.8,7.7,46.3,37.7,32.5,441,22.2,3,5.6,9.1,Wheat,Peaty,Spring,Sprinkler,17751.88
F0957,1483,9.9,182,9,12.8,5.5,33.1,87.8,36.3,428,8.7,2,5.7,5.2,Rice,Silty,Autumn,Flood,15008.43
F0958,903,10.7,8,13.3,6.3,7.3,4,67.5,37.4,446,8,3,0.8,6.4,Barley,Sandy,Spring,Sprinkler,2790.3
F0959,1441,11.7,186,15.3,5.4,8.1,29,67.9,56.4,402,0.6,3,4.1,2.2,Barley,Sandy,Autumn,Sprinkler,10870.85
F0960,886,39,163,16.4,13.5,5.7,19.9,66.2,42.3,440,24.1,2,4.6,7.2,Wheat,Sandy,Autumn,None,3747.76
F0961,473,6,0,13.6,5.1,7,27.8,43.3,35.7,381,11.2,1,3.2,8,Rice,Loam,Autumn,Flood,100
F0962,1054,5.5,96,13.6,5.7,7.4,7.1,78.3,44.9,540,14.9,3,2.3,0.7,Soybean,Silty,Autumn,Drip,5112.49
F0963,527,11.2,140,2.1,4.5,7.1,49.4,88.2,52.9,496,4.3,2,6.6,4.5,Corn,Peaty,Spring,Drip,16075.4
F0964,334,10.5,109,9.3,10.4,6.5,35.2,79.8,9.5,406,11.7,2,3.8,5.3,Barley,Silty,Summer,Sprinkler,12461.82
F0965,1351,11.1,84,9.8,8.2,4.9,29.1,73.8,33.7,543,15.6,2,7.7,9.4,Corn,Sandy,Autumn,Flood,7448.97
F0966,450,25.9,166,16.9,4.3,8.1,37.7,57.4,55.1,492,10.7,1,6.2,7.6,Barley,Loam,Autumn,Drip,18155.25
F0967,459,17.2,213,18.7,11.7,5.9,21.2,46.9,39.8,507,12.2,1,2.9,5.6,Soybean,Loam,Winter,None,10533.28
F0968,207,18.9,297,8.3,6.8,5.8,31,85.5,50.6,485,12.6,1,2.8,1.7,Wheat,Loam,Spring,Flood,20350.76
F0969,637,18.2,255,12.3,4.5,7.4,42,71.9,37.7,436,12.7,1,4.3,0.3,Wheat,Loam,Winter,None,11353.86
F0970,1051,16.6,83,0.6,10.1,5.2,28.3,33.1,49,452,6.6,2,7.8,8.8,Corn,Clay,Summer,Sprinkler,14233.57
F0971,375,36.4,193,4.9,13.6,4.9,29.7,55.3,5.5,404,3.3,3,7.6,2.8,Rice,Peaty,Winter,Flood,9513.9
F0972,592,30.6,279,6.3,13,8.5,21.9,46.1,56.6,545,16.2,3,3,1.3,Corn,Loam,Autumn,Drip,21117.96
F0973,1069,27.8,164,1.6,13.9,6.8,33.5,76.6,27.5,396,3.1,2,7.2,4.2,Wheat,Clay,Spring,None,12767.65
F0974,1256,24,49,18.6,4.5,7.2,31.1,53.9,38.9,448,1.5,3,3.2,4.9,Rice,Loam,Winter,Drip,12329.85
F0975,1164,12.3,148,7.2,11.4,5.2,34,87.9,48.8,511,4.7,3,7.4,4.1,Wheat,Loam,Summer,Drip,21917.94
F0976,1052,24.2,89,6.5,4.3,6,28.9,54.4,50.1,499,24.5,2,6.7,5.8,Wheat,Loam,Spring,Drip,17118.85
F0977,876,28,15,19.7,10.8,4.9,11,47.4,6,518,6.6,3,2,8.5,Soybean,Peaty,Autumn,Drip,6576.99
F0978,837,25.6,186,10.8,5.6,6.4,21.1,82.9,6.6,475,9.7,3,5.5,2.5,Wheat,Silty,Summer,Sprinkler,23820.11
F0979,158,20.2,10,17,10.5,6.5,35.7,46.6,4.6,415,0.7,3,6.2,2.6,Wheat,Clay,Spring,Sprinkler,9791.98
F0980,885,25.4,171,19,8.7,7.3,46.4,69.5,12,502,9,3,5.7,2.7,Barley,Loam,Summer,Flood,23453.79
F0981,274,13.5,276,14.7,12.9,6.6,6.4,37.3,47.8,536,8.1,3,7.5,2.1,Wheat,Clay,Spring,Drip,19439.86
F0982,664,7.9,226,0.2,8.7,7.5,38.7,51.2,14.7,510,12.1,3,5.3,8.4,Wheat,Sandy,Winter,None,4731.98
F0983,240,11.7,88,3.5,4.5,6.5,14.5,42,48.8,441,21.5,1,5,5.1,Corn,Sandy,Spring,Flood,7380.46
F0984,950,35.8,300,7.1,5.1,7.5,1.2,78.6,37.9,510,7.4,1,2.6,1,Rice,Sandy,Autumn,Drip,10093.82
F0985,189,29.7,276,16,10.5,8.3,24.9,40.7,15.4,437,24.7,1,6.8,7.4,Corn,Clay,Summer,None,12869.76
F0986,1408,8.2,114,4.5,13.2,6.6,2.8,67.1,20.1,419,15.3,3,4.1,4.2,Corn,Silty,Summer,Sprinkler,14141.64
F0987,853,40,206,3.5,4.9,8.3,2.7,30.3,6.3,413,6.7,2,6.8,6.6,Wheat,Clay,Winter,Sprinkler,4489.88
F0988,1402,16.8,109,7.8,12.3,5,5.7,40.3,55.4,476,13.5,3,7.8,8.8,Corn,Loam,Spring,Drip,21943.57
F0989,1287,16.4,67,16.4,4.8,7.8,13.9,88.4,35,532,11,2,2.7,8.4,Rice,Peaty,Autumn,Flood,9872.94
F0990,691,22.1,156,19.8,10.8,6.3,29.5,90.6,48.8,463,2.5,2,2.8,3.1,Rice,Silty,Summer,Flood,22693.6
F0991,843,22,264,1.4,6.9,5.8,19.3,84.8,53.1,536,5.7,1,2.4,9.8,Rice,Sandy,Winter,Flood,9406.5
F0992,417,7.7,50,4.5,8.4,6.9,31,56.6,29,413,18.7,2,6,10,Soybean,Loam,Autumn,Sprinkler,2178.77
F0993,614,34.3,83,5.1,5.6,5.8,38,34,28.5,426,5.7,2,7.4,0.4,Wheat,Sandy,Summer,Flood,7334.4
F0994,1089,17.1,244,1,10.7,7.9,46.9,35.7,57.4,420,2.4,1,4.5,9.2,Corn,Sandy,Summer,None,11577.25
F0995,487,38.9,235,7.3,10.8,6.7,47.4,59.6,16.9,474,22,3,1,5.2,Corn,Silty,Summer,Sprinkler,12447.99
F0996,1284,23.1,47,10.6,13.1,7.7,28.3,57.3,53.3,523,5.9,1,6.4,0,Barley,Peaty,Autumn,Sprinkler,10770.57
F0997,622,11.6,163,6.8,12.1,5.3,38.5,53.4,37.5,449,1.3,3,5.6,2.2,Rice,Peaty,Winter,Drip,12441.19
F0998,501,34,16,17.3,10.1,4.8,10,30,38.9,380,16.4,3,6.5,5,Soybean,Sandy,Spring,None,2035.45
F0999,449,15.7,245,10.1,12.4,7.4,45.6,32.5,29.7,518,23.6,2,7.5,9.8,Soybean,Clay,Summer,Drip,17856.81
F1000,328,24.9,257,16.7,10.6,6.4,9.2,22.8,23,529,15.7,1,3.2,8.2,Corn,Loam,Autumn,Flood,19434.99
