house_id,sqft,bedrooms,bathrooms,age_years,lot_size_sqft,floors,basement_sqft,garage_spaces,renovation_year,dist_to_school_km,crime_rate_index,energy_rating,neighborhood,house_type,garage,pool,house_price_usd
H0001,1312,1,3,31,7814,1,61,0,0,7.68,1.2,B,Suburbs,Apartment,0,1,90824.72
H0002,3836,2,4,75,9615,3,318,1,2001,1.71,4.4,C,Downtown,Townhouse,1,1,330252.33
H0003,3217,5,3,5,15554,3,1287,4,2003,8.74,7.3,A,Historic,Apartment,1,0,335007.49
H0004,1053,7,2,12,12955,3,727,1,2024,14.06,6.8,E,Rural,Semi-Detached,1,0,96979.23
H0005,1801,5,2,20,15647,1,469,0,2005,4.16,2.9,E,Waterfront,Detached,0,1,387807.85
H0006,4489,4,4,18,9179,4,741,1,1988,7.74,1.8,A,Suburbs,Townhouse,1,1,345327.73
H0007,1298,2,2,54,2581,1,1393,0,2014,11.31,7.9,C,Waterfront,Semi-Detached,1,1,260369.33
H0008,4116,1,3,64,6354,2,765,1,2013,13.79,6.4,D,Historic,Apartment,1,0,211786.46
H0009,559,1,3,39,8346,4,141,4,1988,9.96,9.5,B,Downtown,Townhouse,0,0,114887.08
H0010,3866,2,5,25,10714,1,507,1,0,0.51,6.0,E,Waterfront,Detached,1,1,592358.95
H0011,2204,1,1,80,2429,1,1052,1,0,7.38,5.9,E,Suburbs,Apartment,0,1,83925.94
H0012,4274,7,4,24,3590,4,956,0,2021,1.66,4.6,C,Downtown,Semi-Detached,1,1,490779.09
H0013,1295,2,2,24,18073,3,947,1,1984,6.76,8.8,E,Waterfront,Townhouse,1,0,296006.64
H0014,4828,7,1,11,8245,2,821,0,0,0.23,4.5,D,Suburbs,Semi-Detached,1,1,329472.73
H0015,2736,4,5,62,5572,1,642,0,0,7.26,9.3,E,Suburbs,Detached,0,0,215166.25
H0016,1056,7,2,8,19998,2,1185,4,0,1.41,6.9,E,Downtown,Townhouse,1,0,355636.75
H0017,4682,3,3,26,10795,3,936,2,1984,0.34,6.6,E,Suburbs,Detached,1,0,345980.24
H0018,2146,5,3,16,11936,2,897,4,2019,14.76,8.3,E,Downtown,Townhouse,1,1,317854.5
H0019,464,6,5,38,3894,2,557,2,2001,3.21,6.7,C,Suburbs,Detached,0,0,162041.5
H0020,816,1,4,35,1944,2,904,4,2015,0.34,1.7,B,Downtown,Detached,0,1,300022.33
H0021,4869,1,3,74,18605,3,746,0,1993,10.29,7.0,C,Suburbs,Semi-Detached,0,0,241521.37
H0022,3729,5,2,30,5824,3,843,1,0,11.85,2.0,A,Suburbs,Semi-Detached,0,0,233262.41
H0023,4255,2,2,58,11957,2,816,2,0,1.23,8.0,C,Rural,Townhouse,0,0,149026.57
H0024,4792,3,1,14,9059,4,707,2,2012,1.91,9.1,B,Suburbs,Detached,0,0,305285.23
H0025,2486,1,4,0,17536,1,1360,2,2022,12.75,7.5,C,Historic,Townhouse,1,1,292458.54
H0026,3072,4,3,70,4670,3,831,4,1999,4.45,4.9,E,Suburbs,Semi-Detached,1,0,239286.32
H0027,3039,4,4,56,7502,3,1055,4,1995,10.16,3.0,B,Historic,Semi-Detached,0,0,337015.34
H0028,4292,5,1,58,14080,4,499,1,1980,13.41,8.7,A,Historic,Townhouse,1,1,320618.31
H0029,3882,2,2,66,15722,2,951,4,2018,4.9,7.8,D,Downtown,Townhouse,0,1,322512.37
H0030,4535,4,5,57,5715,3,1067,3,1997,6.71,7.4,B,Waterfront,Semi-Detached,1,0,593822.06
H0031,2625,3,3,69,3140,2,1446,1,0,6.23,5.9,D,Suburbs,Townhouse,0,1,222518.14
H0032,3590,7,5,2,19364,3,798,3,2014,12.04,9.1,D,Waterfront,Semi-Detached,0,1,613390.89
H0033,2197,3,4,62,1451,4,261,4,2005,8.96,7.0,A,Waterfront,Detached,1,0,431049.62
H0034,4182,2,1,33,12922,3,776,2,2006,3.93,1.7,A,Rural,Townhouse,1,1,206395.62
H0035,4818,1,3,28,2748,1,1272,1,0,7.21,2.0,B,Downtown,Apartment,0,0,298694.57
H0036,3421,2,5,77,4253,3,1179,3,1992,1.32,7.2,B,Suburbs,Detached,0,0,312824.35
H0037,1234,6,3,76,4466,3,141,4,1980,12.77,8.4,A,Historic,Apartment,1,1,156309.38
H0038,4166,6,2,55,6271,4,1497,4,0,12.81,8.5,A,Historic,Detached,1,1,487793.68
H0039,2684,4,2,59,19172,4,665,1,2002,12.01,4.1,E,Historic,Semi-Detached,1,0,251099.95
H0040,483,5,2,10,8408,4,917,0,0,3.48,7.2,C,Waterfront,Semi-Detached,0,1,257667.09
H0041,3423,4,5,67,11764,3,627,2,0,10.88,3.8,E,Waterfront,Detached,1,1,572915.76
H0042,1969,2,4,35,19819,3,465,2,0,0.41,5.8,C,Historic,Detached,0,0,287799.41
H0043,772,1,5,37,4637,4,980,3,1983,3.94,8.8,A,Waterfront,Apartment,0,1,275848.54
H0044,1006,5,1,19,5388,1,1142,3,2019,3.54,5.7,D,Historic,Detached,0,0,199447.2
H0045,4026,3,5,54,10506,2,541,0,0,2.77,1.7,A,Historic,Apartment,0,0,258969.65
H0046,4249,3,1,29,9940,3,1280,4,1992,6.49,5.9,B,Rural,Semi-Detached,0,0,219194.84
H0047,2576,7,2,9,2454,1,959,2,1997,7.61,5.4,A,Suburbs,Detached,1,1,305130.16
H0048,3040,5,3,3,3492,2,963,4,1997,2.89,6.3,D,Suburbs,Apartment,1,0,214047.9
H0049,1147,4,3,52,11421,4,1420,3,0,14.19,8.3,E,Rural,Apartment,0,1,105665.06
H0050,2467,3,1,51,17362,2,1061,2,2011,9.46,7.8,B,Downtown,Semi-Detached,1,0,307562.19
H0051,2587,5,2,36,14856,2,636,4,0,6.24,3.0,A,Waterfront,Apartment,0,0,374974.98
H0052,1661,4,3,65,9459,4,1128,1,2018,7.72,8.9,A,Waterfront,Semi-Detached,1,0,378275.06
H0053,2663,7,4,43,17137,4,304,3,2002,5.12,7.9,D,Rural,Apartment,1,1,152617.49
H0054,1945,6,2,73,13049,4,1444,3,2022,11.93,6.9,B,Suburbs,Semi-Detached,0,1,248593.33
H0055,4457,1,2,64,19839,4,31,1,2021,14.56,1.7,C,Rural,Apartment,1,0,120027.82
H0056,1057,7,3,68,12952,2,1292,2,1985,6.62,1.9,A,Rural,Semi-Detached,0,0,175571.67
H0057,4034,2,3,3,2007,3,882,1,0,6.3,7.1,B,Rural,Apartment,1,1,168013.38
H0058,3533,5,2,63,19608,4,522,0,2009,13.54,7.1,B,Suburbs,Townhouse,1,1,257646.17
H0059,1005,4,3,75,10302,2,787,3,0,5.84,4.2,C,Waterfront,Detached,1,1,393151.29
H0060,3642,3,1,72,2107,3,448,1,2023,11.38,7.9,B,Historic,Semi-Detached,1,0,216343.34
H0061,1195,6,1,39,14944,3,669,3,0,2.16,5.9,C,Downtown,Detached,0,0,253119.28
H0062,1747,3,4,37,11599,2,1385,3,2015,5.61,8.1,A,Downtown,Semi-Detached,0,0,330468.15
H0063,2566,5,1,58,12577,2,965,0,2015,5.05,6.5,A,Rural,Semi-Detached,1,0,147479.11
H0064,2875,6,4,14,5080,1,199,1,1988,5.95,4.3,E,Downtown,Apartment,1,1,263654.02
H0065,3833,5,2,53,3744,3,444,3,1995,12.86,1.9,C,Waterfront,Semi-Detached,1,0,417099.34
H0066,3338,1,4,35,6719,1,103,2,0,2.06,6.1,A,Downtown,Semi-Detached,0,0,287810.98
H0067,4940,2,5,27,8134,2,266,4,0,2.78,6.9,A,Rural,Townhouse,0,1,231935.71
H0068,2349,5,3,2,6209,1,130,3,2003,7.8,2.0,E,Rural,Apartment,0,1,130242.15
H0069,2214,5,1,66,10383,4,873,0,2008,1.29,1.7,E,Waterfront,Apartment,0,1,289413.18
H0070,4892,6,3,48,17885,1,1340,4,1993,6.57,9.0,D,Rural,Semi-Detached,1,0,248082.52
H0071,3176,7,4,51,14131,3,766,1,2010,1.19,8.5,A,Downtown,Detached,1,1,521485.01
H0072,3452,7,2,71,2465,3,1362,3,1983,14.53,6.4,C,Historic,Detached,0,1,371746.24
H0073,1248,5,5,27,5570,3,235,2,2007,12.71,9.8,E,Waterfront,Townhouse,0,1,247309.55
H0074,615,5,3,3,6411,1,371,1,2005,1.23,7.7,A,Rural,Detached,1,1,128543.56
H0075,1151,6,5,27,12827,3,638,2,2016,9.02,9.0,B,Waterfront,Semi-Detached,1,0,421119.08
H0076,1068,3,4,54,16414,2,1049,0,1987,4.39,7.1,D,Historic,Semi-Detached,1,1,245466.04
H0077,4716,6,3,5,7725,3,432,1,1998,5.06,1.1,D,Waterfront,Apartment,0,0,441215.16
H0078,2285,5,5,45,2861,4,159,2,2016,6.19,6.8,C,Waterfront,Apartment,1,0,342045.39
H0079,1343,4,1,41,6131,4,216,1,2005,7.95,4.6,C,Historic,Semi-Detached,1,0,160931.33
H0080,1777,1,5,14,17886,2,483,0,0,3.12,6.4,A,Historic,Townhouse,1,1,268140.48
H0081,1851,7,4,59,18972,2,900,0,2020,4.68,3.5,A,Historic,Semi-Detached,1,1,350151.71
H0082,4182,4,1,7,12582,4,1188,4,1982,6.86,8.3,B,Rural,Apartment,0,1,191111.88
H0083,3033,5,4,64,5443,1,1033,1,0,10.67,9.9,E,Downtown,Semi-Detached,0,1,275879.44
H0084,3454,3,4,52,11587,3,193,4,1998,3.93,8.7,E,Historic,Apartment,1,0,233958.19
H0085,1631,3,1,74,5134,1,634,4,2001,12.24,7.0,E,Rural,Detached,1,0,114712.1
H0086,4565,3,1,46,10620,2,463,1,0,4.58,8.1,E,Suburbs,Townhouse,1,1,231956.02
H0087,4821,7,5,4,11535,2,370,4,1990,10.87,1.4,C,Historic,Townhouse,1,0,429779.64
H0088,4038,5,3,57,8167,2,753,4,2009,11.59,8.0,E,Historic,Townhouse,1,1,300042.98
H0089,4720,4,2,25,5035,1,1456,4,1998,1.44,2.4,D,Rural,Apartment,1,1,204696.3
H0090,3983,1,2,57,11955,3,482,3,2003,3.52,3.9,A,Downtown,Semi-Detached,0,1,372279.09
H0091,3146,7,2,17,1755,4,1260,0,1981,3.99,8.5,E,Rural,Semi-Detached,0,1,193326.45
H0092,3867,1,3,30,10368,4,128,0,2011,9.03,1.1,E,Downtown,Apartment,0,1,233596.11
H0093,2381,6,2,37,14565,2,1360,0,2003,1.2,5.7,E,Downtown,Detached,0,1,387332.46
H0094,566,4,4,5,13177,1,706,1,2020,1.73,6.2,C,Rural,Detached,0,1,124049.04
H0095,1492,1,3,69,11593,2,129,3,0,3.18,8.1,A,Suburbs,Semi-Detached,1,0,142850.86
H0096,3662,7,5,60,8800,1,1342,2,0,12.03,4.9,D,Downtown,Townhouse,1,1,439864.4
H0097,4002,4,3,23,16759,4,161,3,1991,8.27,3.9,A,Waterfront,Detached,1,0,664608.0
H0098,4052,5,4,21,15045,4,562,0,0,9.64,4.3,B,Rural,Semi-Detached,0,1,229981.32
H0099,655,2,5,56,1640,3,784,4,0,2.47,5.0,C,Suburbs,Apartment,0,1,115878.78
H0100,1527,5,3,50,10801,2,1022,4,2015,1.94,8.0,D,Rural,Townhouse,0,0,153209.9
H0101,2157,5,3,62,7059,2,1460,3,2023,14.52,9.9,C,Downtown,Townhouse,0,1,283385.43
H0102,2778,3,2,22,12345,2,484,3,0,8.4,4.3,E,Historic,Townhouse,0,0,203825.99
H0103,1463,5,1,8,10634,1,256,2,2008,7.09,5.7,B,Waterfront,Semi-Detached,1,1,360772.4
H0104,1890,7,2,55,16977,2,331,2,1994,5.32,9.5,C,Downtown,Apartment,0,1,207083.62
H0105,1046,3,2,70,9493,2,350,4,2018,5.2,9.3,A,Suburbs,Detached,0,0,135351.72
H0106,772,6,5,33,7407,3,1314,2,2023,6.21,5.1,A,Historic,Semi-Detached,0,1,292487.68
H0107,1694,4,4,61,15718,3,707,3,0,5.68,6.1,C,Suburbs,Detached,0,1,253314.02
H0108,4083,2,2,12,2158,2,670,4,1992,11.49,5.5,E,Rural,Semi-Detached,1,0,173203.8
H0109,4224,4,3,63,1259,2,1194,2,0,4.36,6.4,D,Downtown,Semi-Detached,1,0,371736.59
H0110,1280,4,2,33,12485,1,1167,4,0,8.39,1.7,E,Waterfront,Detached,0,1,400668.22
H0111,4089,7,5,35,4393,3,1142,2,1992,9.12,4.6,A,Suburbs,Apartment,1,1,324144.01
H0112,3128,7,4,66,15474,2,804,4,1999,8.99,5.6,E,Suburbs,Townhouse,1,1,285354.08
H0113,4760,4,5,38,16061,4,1195,2,2024,9.51,6.4,C,Downtown,Detached,1,0,603850.79
H0114,2264,6,1,74,16243,1,1172,0,0,6.73,4.8,D,Suburbs,Semi-Detached,0,0,175017.76
H0115,2070,4,5,78,15953,4,1076,3,1991,7.0,5.8,E,Downtown,Townhouse,0,1,307592.18
H0116,2565,5,4,24,8577,3,1443,1,2011,4.89,4.1,C,Rural,Detached,0,1,254373.33
H0117,2757,1,5,69,12941,1,589,0,2008,9.91,7.7,B,Waterfront,Detached,0,1,408756.42
H0118,2625,2,1,78,19729,2,107,0,2010,1.69,7.9,A,Suburbs,Townhouse,0,0,159362.62
H0119,4908,2,4,60,16145,1,183,4,0,11.13,8.7,A,Suburbs,Detached,1,1,359775.06
H0120,1840,1,4,63,6605,1,686,2,2021,8.24,5.4,B,Rural,Apartment,0,1,90781.04
H0121,4530,4,3,24,4191,2,28,2,2016,10.18,2.7,E,Rural,Townhouse,1,1,191187.42
H0122,3903,5,3,11,13634,3,508,0,0,3.69,7.8,C,Downtown,Townhouse,0,1,348380.36
H0123,2873,5,5,1,9070,4,628,1,2012,13.86,9.0,C,Rural,Townhouse,0,0,158706.49
H0124,2816,3,5,28,7680,3,851,4,2014,12.07,8.4,B,Suburbs,Semi-Detached,0,1,255602.39
H0125,1070,5,4,67,12354,2,336,2,2008,1.92,2.8,E,Downtown,Apartment,0,0,144032.63
H0126,4049,7,1,58,4823,4,1377,2,2005,3.97,1.0,B,Historic,Semi-Detached,1,0,403315.94
H0127,998,1,4,44,2589,1,587,3,0,2.2,6.8,D,Historic,Apartment,0,1,104389.27
H0128,4074,7,4,48,3129,2,1100,3,1994,12.56,7.8,C,Historic,Townhouse,1,0,374426.53
H0129,4192,6,5,54,17930,3,317,2,0,13.15,7.9,A,Waterfront,Townhouse,0,1,556436.76
H0130,528,2,2,8,3806,2,90,3,2014,3.42,8.8,A,Historic,Apartment,1,0,91806.44
H0131,1547,5,3,29,19377,2,1352,4,0,4.65,1.5,E,Rural,Detached,0,1,231120.16
H0132,3899,5,4,6,11785,2,614,3,0,8.16,3.2,B,Waterfront,Detached,1,1,708687.83
H0133,2863,7,2,59,2388,4,497,2,0,9.77,9.3,C,Historic,Semi-Detached,1,0,276319.67
H0134,1960,1,3,48,1795,2,681,2,1980,3.33,2.7,A,Downtown,Townhouse,0,1,266082.11
H0135,4323,2,5,26,13496,4,1092,2,2003,7.79,5.5,A,Suburbs,Detached,1,1,443124.37
H0136,3023,2,3,40,14063,3,1133,4,2006,4.57,2.8,B,Downtown,Townhouse,0,0,358942.4
H0137,3511,5,2,63,18543,4,344,2,0,10.86,5.4,E,Rural,Detached,1,1,235572.57
H0138,4692,1,1,6,709,2,18,1,2003,1.09,6.7,E,Waterfront,Townhouse,0,0,306430.08
H0139,4358,6,4,2,716,3,1097,2,0,12.23,7.1,B,Historic,Semi-Detached,0,0,380680.39
H0140,1619,2,2,79,17750,1,764,3,1995,14.86,3.0,A,Rural,Detached,1,1,158246.33
H0141,659,1,4,48,12859,2,169,3,2021,11.81,6.1,A,Historic,Semi-Detached,0,0,151608.47
H0142,2282,2,5,60,9383,2,644,0,2017,2.33,8.4,D,Downtown,Apartment,1,0,200083.71
H0143,1030,3,2,72,8379,2,1411,0,2002,0.99,4.9,A,Historic,Semi-Detached,1,1,212584.02
H0144,3649,7,3,3,9456,4,884,1,2022,5.83,7.9,C,Waterfront,Semi-Detached,0,1,584697.23
H0145,2418,6,1,10,9280,3,738,0,0,14.16,5.0,C,Suburbs,Semi-Detached,0,1,207940.86
H0146,3930,4,5,71,17291,3,1135,0,2000,12.98,1.1,D,Waterfront,Apartment,0,0,410550.97
H0147,3576,7,1,71,8454,2,550,2,0,2.36,2.5,C,Historic,Townhouse,1,0,281381.17
H0148,1030,3,3,31,16746,2,623,0,2001,12.66,4.4,C,Historic,Townhouse,1,0,183407.73
H0149,4006,3,4,76,4960,3,363,3,1998,11.08,6.7,E,Rural,Detached,0,1,178137.0
H0150,2696,7,4,46,4231,4,1450,1,1998,12.5,1.6,D,Historic,Townhouse,0,0,289106.37
H0151,4490,2,3,30,8779,4,1224,3,2014,7.7,9.3,D,Suburbs,Semi-Detached,1,0,268301.12
H0152,3345,6,5,76,3284,1,1153,3,2001,14.49,4.9,A,Downtown,Townhouse,1,0,395648.18
H0153,1207,3,2,65,17499,4,948,4,1989,5.31,1.2,A,Historic,Townhouse,1,1,277486.2
H0154,1103,1,2,44,10720,3,975,0,2024,6.9,1.6,A,Rural,Semi-Detached,0,1,141080.7
H0155,1342,1,3,13,5885,4,946,1,2020,2.93,6.8,D,Suburbs,Townhouse,0,1,142417.08
H0156,2016,4,5,54,13241,1,1182,0,2014,2.97,3.9,D,Downtown,Townhouse,0,1,328926.96
H0157,1333,3,4,67,10769,3,720,3,2023,10.65,3.7,E,Historic,Semi-Detached,1,0,191035.09
H0158,2965,1,2,39,4332,4,1221,1,2007,2.95,6.7,B,Suburbs,Detached,0,1,252973.29
H0159,4945,2,4,36,5097,3,19,3,0,12.27,9.7,E,Suburbs,Detached,1,0,252396.71
H0160,4428,4,4,62,5980,1,562,1,1990,11.75,6.1,D,Downtown,Apartment,0,1,257410.1
H0161,4903,5,1,73,4242,2,870,0,2021,11.32,3.7,A,Rural,Detached,0,1,193345.53
H0162,1112,4,1,30,7377,2,423,1,2016,5.39,3.5,E,Historic,Detached,1,0,179921.77
H0163,1779,3,3,37,19267,1,567,1,1988,3.9,7.4,B,Rural,Apartment,0,1,115222.02
H0164,4409,2,5,80,9305,1,825,4,2024,14.06,4.3,D,Waterfront,Semi-Detached,1,0,468584.3
H0165,3081,5,1,11,15522,4,433,3,0,12.46,4.0,E,Rural,Apartment,1,0,155517.19
H0166,3215,6,1,5,3762,4,934,0,2007,3.19,7.2,B,Waterfront,Apartment,0,0,382910.79
H0167,2872,2,3,11,12310,1,811,2,1994,6.55,1.8,A,Rural,Apartment,1,0,176406.73
H0168,1487,5,2,66,15083,4,1421,1,1994,5.87,7.6,A,Downtown,Apartment,1,0,261640.97
H0169,1245,3,3,38,4993,1,1249,1,1993,9.5,2.4,D,Waterfront,Townhouse,0,0,245002.08
H0170,2179,1,1,17,4535,3,286,1,0,1.45,6.0,E,Historic,Semi-Detached,1,1,179192.52
H0171,2734,7,1,38,7232,1,490,3,1995,7.59,6.3,E,Historic,Townhouse,1,1,256473.96
H0172,3358,3,2,49,19124,1,34,4,0,4.08,1.4,A,Waterfront,Detached,0,1,552628.6
H0173,3660,5,3,80,16918,2,568,0,2012,13.83,9.8,B,Waterfront,Semi-Detached,1,0,404579.65
H0174,941,3,4,30,2397,4,1253,4,0,10.06,6.9,B,Suburbs,Apartment,1,0,162593.14
H0175,1378,1,2,1,5868,3,259,2,1987,11.62,1.3,D,Waterfront,Detached,1,0,297142.36
H0176,1031,4,4,65,12300,2,522,0,2023,10.9,3.1,E,Downtown,Semi-Detached,0,1,194069.46
H0177,421,1,1,31,2006,2,72,4,2021,6.41,3.9,D,Waterfront,Detached,1,0,162079.96
H0178,1038,5,3,15,16950,4,141,3,1999,5.04,6.0,A,Downtown,Townhouse,0,0,259006.92
H0179,3422,2,3,72,10458,4,400,4,1995,2.43,9.4,A,Historic,Townhouse,1,1,322080.78
H0180,478,3,1,48,10576,4,122,1,1985,0.85,3.1,E,Downtown,Townhouse,0,1,138611.09
H0181,3783,6,3,58,3282,1,1212,4,0,10.0,2.2,C,Historic,Apartment,0,1,287422.96
H0182,3619,6,3,40,15335,2,1197,0,0,2.63,5.2,D,Rural,Townhouse,0,0,197029.93
H0183,1389,5,3,26,15308,1,322,2,2024,9.13,2.9,C,Rural,Semi-Detached,1,0,151835.43
H0184,3314,4,5,6,10292,4,1138,4,0,7.04,8.2,B,Rural,Townhouse,0,1,249161.79
H0185,1394,1,1,28,4783,3,153,0,1992,13.56,5.0,B,Suburbs,Semi-Detached,1,0,113542.1
H0186,3116,1,1,59,2159,1,783,3,0,3.38,2.7,C,Suburbs,Semi-Detached,1,1,229029.11
H0187,4053,2,1,78,8553,1,179,2,2006,3.15,9.0,E,Rural,Semi-Detached,1,1,131548.81
H0188,4853,7,1,48,12267,4,553,1,0,9.04,1.3,C,Waterfront,Semi-Detached,1,1,623290.31
H0189,879,7,4,67,12212,2,1345,1,0,12.28,9.3,A,Historic,Townhouse,0,0,207000.31
H0190,3581,3,2,22,8251,3,1162,4,0,14.24,8.5,D,Historic,Detached,1,0,314441.81
H0191,4841,3,2,62,1743,1,1078,3,0,13.78,2.8,B,Downtown,Apartment,0,0,279021.2
H0192,3050,1,1,18,19722,3,1442,3,2001,4.67,2.2,B,Suburbs,Apartment,1,0,254416.8
H0193,3978,7,4,40,6208,4,628,2,0,10.99,9.5,E,Historic,Detached,0,0,305621.86
H0194,665,2,5,40,7738,3,159,1,2000,2.68,9.0,A,Historic,Apartment,1,0,166818.7
H0195,3150,4,1,33,7370,1,1475,0,0,6.69,4.8,B,Suburbs,Apartment,1,1,226586.22
H0196,3502,3,5,48,3823,1,68,2,0,4.06,1.9,C,Waterfront,Townhouse,0,1,405181.29
H0197,1793,4,2,9,18425,4,1338,1,2007,2.53,1.9,B,Downtown,Detached,1,0,473202.97
H0198,4939,6,5,33,9724,4,1170,4,1989,1.01,1.0,A,Rural,Townhouse,0,0,286193.45
H0199,2812,7,5,61,7042,3,167,3,1999,11.82,5.2,C,Downtown,Apartment,0,0,285953.92
H0200,1914,3,4,47,6613,4,539,1,2016,1.11,7.8,A,Waterfront,Apartment,1,1,355602.67
H0201,1102,6,3,69,14065,4,1096,3,1995,7.25,1.7,A,Historic,Townhouse,0,1,248696.05
H0202,1607,1,4,22,5977,4,160,3,0,12.37,2.3,E,Suburbs,Townhouse,0,0,136159.47
H0203,2512,3,1,11,13217,4,25,4,2006,1.87,2.3,E,Historic,Semi-Detached,1,1,261324.47
H0204,1220,1,5,12,9874,4,1341,3,2010,0.75,3.5,B,Historic,Detached,1,1,379051.82
H0205,3690,1,4,42,8284,1,691,2,2011,12.9,7.2,B,Downtown,Semi-Detached,1,1,386199.67
H0206,4029,7,3,34,14156,2,833,3,2003,12.35,5.6,B,Historic,Apartment,0,1,348814.64
H0207,937,3,5,51,4944,2,118,1,0,0.95,4.2,B,Historic,Apartment,0,0,124804.9
H0208,4537,4,1,3,8427,4,1201,4,1990,12.6,3.3,A,Rural,Semi-Detached,1,0,275599.22
H0209,2735,1,4,6,5838,2,551,3,2023,0.33,9.2,B,Historic,Townhouse,0,0,260226.67
H0210,2467,5,3,35,14387,2,955,2,2019,6.08,1.9,E,Waterfront,Detached,1,1,549439.06
H0211,3465,5,5,77,9762,3,566,2,1996,9.91,9.6,C,Rural,Apartment,1,0,154429.77
H0212,2368,1,5,51,10972,3,857,3,1982,8.83,10.0,B,Suburbs,Apartment,1,1,220456.21
H0213,3211,6,2,68,16088,3,199,3,0,4.03,8.3,B,Rural,Detached,0,0,218371.75
H0214,1131,2,3,28,10562,3,949,0,2020,8.84,9.5,A,Waterfront,Detached,1,1,355376.02
H0215,4268,2,5,15,13006,2,281,1,2016,13.41,9.9,B,Historic,Detached,1,0,363343.06
H0216,1062,4,3,80,6294,3,428,1,1990,7.45,7.9,A,Rural,Apartment,0,1,93556.7
H0217,1460,5,4,54,13718,1,1093,1,1980,13.4,7.8,E,Waterfront,Semi-Detached,1,0,330658.81
H0218,2438,2,3,39,4724,1,93,2,2009,10.97,6.4,C,Downtown,Semi-Detached,1,0,245977.63
H0219,3952,6,2,43,16562,1,467,1,1988,3.33,1.2,E,Rural,Townhouse,0,1,183663.26
H0220,706,4,3,68,2092,1,1412,0,2004,2.03,3.3,B,Historic,Apartment,0,0,143946.18
H0221,2083,6,1,38,14291,1,1047,4,0,1.89,2.0,B,Downtown,Detached,0,1,408343.45
H0222,4685,2,3,52,10178,4,677,1,0,10.14,9.2,E,Suburbs,Apartment,1,0,173384.1
H0223,4447,2,1,65,2959,3,540,3,0,12.24,8.9,C,Downtown,Detached,0,1,305021.81
H0224,3889,6,1,12,2003,3,896,4,0,11.05,4.4,C,Downtown,Townhouse,0,1,394883.6
H0225,1898,1,4,51,15459,2,231,1,1983,14.73,8.6,A,Rural,Semi-Detached,1,1,106723.69
H0226,3989,2,5,48,12250,4,231,3,1984,4.07,3.8,E,Historic,Apartment,0,1,273414.72
H0227,2234,6,3,66,17641,4,708,3,0,12.43,9.0,E,Historic,Apartment,1,0,231217.56
H0228,1685,5,4,63,5919,3,569,0,2015,9.72,4.6,B,Downtown,Semi-Detached,1,0,271389.08
H0229,1045,4,4,73,15183,1,1018,0,0,6.3,6.0,A,Downtown,Semi-Detached,1,1,289328.2
H0230,2895,5,5,26,15449,4,679,4,2018,7.2,6.9,D,Rural,Detached,0,0,206029.17
H0231,1334,1,2,0,11685,1,336,3,0,10.81,7.5,A,Rural,Detached,1,0,122251.63
H0232,1389,7,4,27,15476,1,1296,4,0,13.4,5.1,E,Suburbs,Detached,0,1,282670.57
H0233,4530,2,4,0,17878,2,1496,1,0,9.93,6.5,C,Downtown,Semi-Detached,1,0,460287.49
H0234,2433,3,4,43,10139,3,1436,4,2015,9.56,2.8,E,Waterfront,Townhouse,0,1,446977.15
H0235,2780,6,3,16,6326,4,1193,4,2006,10.18,9.0,E,Historic,Detached,0,1,357683.19
H0236,504,5,1,3,12980,3,329,2,1989,12.62,7.2,C,Suburbs,Apartment,0,0,114380.29
H0237,2071,7,5,4,12253,2,1046,2,1983,13.91,4.5,C,Waterfront,Apartment,0,1,423656.06
H0238,2458,2,5,56,7890,4,363,0,0,2.77,5.6,D,Rural,Townhouse,0,1,131103.2
H0239,732,4,3,71,9158,3,955,1,0,13.94,6.4,E,Suburbs,Townhouse,1,0,118739.84
H0240,4906,3,1,40,17716,4,1112,4,2002,3.47,2.9,C,Suburbs,Townhouse,0,0,298260.28
H0241,3112,3,3,27,17883,4,492,4,1995,14.39,7.1,C,Waterfront,Apartment,0,1,360745.28
H0242,1328,4,3,69,9767,1,607,1,1985,14.23,2.5,E,Downtown,Detached,1,1,257546.07
H0243,4768,1,1,26,7485,1,1405,1,0,10.81,1.3,A,Waterfront,Apartment,0,1,439974.01
H0244,4971,1,5,29,8975,4,647,0,1987,8.12,6.8,E,Waterfront,Semi-Detached,1,1,519013.42
H0245,918,7,5,5,2878,1,576,3,2022,0.66,2.4,B,Rural,Apartment,1,1,160864.85
H0246,4870,3,2,38,12726,1,1172,4,2015,14.22,3.7,C,Downtown,Townhouse,0,0,395695.35
H0247,2134,4,5,18,5774,1,371,4,2015,7.03,5.9,C,Suburbs,Townhouse,1,0,225379.3
H0248,2017,6,5,62,11341,3,1268,0,2000,7.39,4.0,C,Rural,Townhouse,0,0,151950.24
H0249,1648,5,5,46,10865,2,453,3,0,5.52,7.1,C,Waterfront,Townhouse,0,1,387152.27
H0250,3338,7,3,62,18577,2,1103,1,0,13.32,1.7,A,Downtown,Townhouse,0,1,408969.92
H0251,552,7,5,80,1522,3,1113,4,1989,5.61,3.0,E,Historic,Semi-Detached,0,0,209607.69
H0252,4206,5,5,11,13501,2,913,1,0,14.24,6.9,B,Rural,Apartment,0,0,163434.4
H0253,4360,3,1,28,16479,2,87,1,2003,5.94,9.3,A,Suburbs,Apartment,1,1,237536.9
H0254,1245,6,5,35,9128,3,1203,0,2004,14.6,3.0,D,Historic,Townhouse,1,1,269931.14
H0255,3290,7,3,62,16297,2,471,0,1997,3.33,2.7,C,Historic,Apartment,0,1,241876.75
H0256,2286,4,3,14,16278,4,45,1,0,8.69,2.5,E,Waterfront,Semi-Detached,0,0,326286.87
H0257,721,5,2,7,5950,3,175,1,2010,13.04,2.5,D,Rural,Townhouse,1,0,63381.77
H0258,1889,5,5,33,5995,4,789,1,0,3.19,8.7,E,Rural,Semi-Detached,0,0,123930.28
H0259,3838,7,2,77,3655,1,987,1,2014,12.45,9.1,D,Suburbs,Semi-Detached,0,0,188900.13
H0260,755,6,5,54,8019,4,274,2,1994,13.67,1.8,E,Waterfront,Semi-Detached,1,0,295643.04
H0261,4854,4,3,24,679,2,1408,2,1986,2.49,6.9,C,Downtown,Apartment,0,1,360663.13
H0262,3395,5,3,50,7174,4,519,2,2005,11.09,8.7,A,Waterfront,Semi-Detached,0,1,483427.77
H0263,2282,4,2,12,7527,2,796,0,1989,7.18,6.4,A,Historic,Semi-Detached,1,0,274930.92
H0264,1055,5,1,49,13628,4,899,0,0,9.92,8.2,C,Historic,Detached,0,0,171788.57
H0265,1995,1,5,65,17402,2,1341,0,1985,14.95,8.0,C,Suburbs,Townhouse,0,1,179723.9
H0266,2040,5,1,8,3454,3,463,4,2009,13.96,6.2,C,Historic,Detached,1,1,276688.44
H0267,1833,4,5,13,18805,3,1101,4,0,6.75,4.4,D,Downtown,Detached,1,0,469373.08
H0268,4158,6,4,75,1396,4,1297,1,1994,12.04,4.7,C,Waterfront,Apartment,1,0,409030.18
H0269,4631,5,1,33,8634,1,1135,1,2002,3.43,6.2,B,Rural,Apartment,1,1,201720.0
H0270,1957,4,2,30,8431,2,1266,2,0,1.78,9.3,D,Rural,Townhouse,0,0,120042.2
H0271,454,7,5,5,16303,4,374,4,0,3.49,6.2,A,Rural,Detached,1,1,206348.6
H0272,4829,1,5,44,13401,3,1411,0,0,3.32,6.2,C,Suburbs,Semi-Detached,0,1,318845.51
H0273,3362,5,3,23,18475,3,749,1,1993,6.4,7.8,C,Rural,Townhouse,1,1,210797.12
H0274,1873,5,2,73,7989,4,401,1,1989,7.2,1.1,D,Downtown,Detached,0,1,268645.3
H0275,4492,2,5,68,10845,4,202,1,0,12.24,5.3,A,Waterfront,Detached,1,0,558295.52
H0276,3357,3,5,71,8944,3,1391,4,0,8.72,6.8,B,Rural,Apartment,1,0,181632.0
H0277,2731,3,3,65,16474,4,1293,1,2020,12.15,4.0,E,Waterfront,Apartment,1,1,335932.79
H0278,984,1,2,43,7978,4,555,3,2003,11.27,5.7,D,Rural,Detached,1,1,98487.71
H0279,3791,2,2,2,4597,2,813,0,0,14.06,5.3,A,Suburbs,Detached,0,0,265177.77
H0280,1081,1,3,79,5588,2,581,3,1988,8.0,2.5,A,Downtown,Semi-Detached,1,0,200672.2
H0281,3323,7,3,60,15808,2,1210,4,2020,13.18,4.9,E,Historic,Detached,1,0,392446.1
H0282,4820,2,1,56,10588,3,21,0,1988,5.29,5.2,A,Rural,Semi-Detached,1,0,176476.69
H0283,4429,7,4,38,799,3,386,3,2007,6.04,2.5,D,Waterfront,Detached,0,0,601155.47
H0284,1048,4,2,66,9408,1,373,1,0,9.63,6.6,C,Rural,Detached,1,0,75583.71
H0285,4430,2,3,2,5485,3,551,1,1980,3.65,2.4,D,Downtown,Apartment,0,0,298101.36
H0286,4482,3,4,4,11321,4,146,4,1992,13.46,3.3,D,Downtown,Townhouse,0,1,412485.34
H0287,503,1,2,49,15014,1,1067,1,2023,14.43,9.4,B,Suburbs,Apartment,0,1,67033.6
H0288,4902,5,1,32,16268,2,231,1,2000,0.42,8.1,E,Rural,Townhouse,1,0,168724.08
H0289,1380,4,2,1,1876,1,509,1,2023,9.36,9.4,A,Historic,Semi-Detached,0,1,192864.67
H0290,4793,7,1,16,16485,2,43,3,1988,3.91,1.4,D,Suburbs,Detached,1,1,382865.03
H0291,4979,3,5,62,6718,4,563,4,2015,2.57,5.8,D,Historic,Townhouse,1,1,379314.86
H0292,3407,4,1,64,12920,3,1476,0,2014,12.32,2.7,D,Suburbs,Apartment,1,0,206187.11
H0293,4917,2,5,36,11070,1,89,1,0,0.66,2.0,B,Waterfront,Detached,0,0,606878.74
H0294,3583,6,4,67,19842,1,26,1,1985,7.13,6.8,C,Rural,Apartment,1,0,158042.3
H0295,4971,6,4,47,2410,3,159,1,1986,1.7,3.1,D,Historic,Detached,0,0,382902.87
H0296,2437,5,2,71,18789,4,213,1,2015,6.14,4.0,B,Waterfront,Apartment,1,1,370052.41
H0297,4773,5,4,45,10826,4,1486,2,2016,8.28,4.4,E,Historic,Detached,1,1,489510.64
H0298,4106,4,4,0,1635,1,615,1,0,4.86,7.9,C,Rural,Apartment,0,1,147877.08
H0299,4935,5,5,73,19230,3,319,1,0,13.37,3.2,C,Suburbs,Apartment,0,1,250382.08
H0300,3675,5,2,9,11139,3,76,4,1983,13.84,4.0,D,Waterfront,Townhouse,1,0,440399.76
H0301,3812,7,1,29,874,3,1105,4,0,7.64,3.0,A,Waterfront,Apartment,1,0,454382.53
H0302,4050,7,5,73,17038,4,303,1,2010,8.66,1.4,D,Downtown,Townhouse,1,1,391028.27
H0303,2550,1,4,64,14737,4,809,4,0,9.32,7.6,B,Suburbs,Townhouse,1,0,235209.62
H0304,3923,3,5,11,4187,2,656,2,1981,11.59,2.5,C,Waterfront,Semi-Detached,1,1,572081.04
H0305,4022,5,2,56,1970,1,230,0,0,9.39,2.3,C,Suburbs,Townhouse,1,0,224963.08
H0306,1311,3,4,60,1245,3,1123,3,1989,10.49,7.0,D,Rural,Townhouse,0,0,103396.25
H0307,4715,1,3,21,2469,4,1340,0,0,9.97,7.0,C,Rural,Townhouse,1,0,184137.68
H0308,3566,2,4,65,3763,2,1025,3,1981,0.79,9.3,C,Rural,Semi-Detached,0,0,166071.64
H0309,3132,4,4,20,1102,2,1026,2,2020,4.01,4.5,A,Rural,Detached,1,1,291128.52
H0310,2247,2,3,50,4997,2,1173,1,1999,13.66,4.0,E,Downtown,Semi-Detached,0,1,228879.52
H0311,1479,2,2,74,18239,4,297,4,2000,1.2,5.8,A,Suburbs,Townhouse,1,0,201174.06
H0312,1592,6,1,40,14067,2,384,0,0,0.59,9.9,E,Waterfront,Detached,1,1,364275.4
H0313,2586,5,5,78,8066,3,162,3,0,12.72,5.2,C,Historic,Townhouse,0,0,237147.74
H0314,4281,2,2,24,7914,4,455,1,1984,2.82,9.6,D,Downtown,Semi-Detached,0,1,342161.29
H0315,4413,6,3,58,8586,3,807,4,2016,8.99,5.7,A,Waterfront,Semi-Detached,0,1,591172.42
H0316,747,2,5,68,13463,3,900,3,1998,7.03,4.8,E,Downtown,Semi-Detached,0,0,208210.39
H0317,846,6,5,18,15690,2,805,3,1981,2.85,6.3,B,Waterfront,Apartment,0,0,347298.82
H0318,3054,6,2,15,3488,4,1488,4,1990,5.8,4.4,B,Downtown,Semi-Detached,1,0,463398.92
H0319,3145,5,2,20,5238,3,1495,3,0,2.87,9.1,B,Suburbs,Apartment,1,1,284489.22
H0320,500,4,4,63,18309,4,929,3,2018,9.08,3.2,E,Downtown,Semi-Detached,0,0,226361.89
H0321,2678,5,5,26,2102,1,297,0,2018,4.62,9.3,A,Suburbs,Townhouse,0,1,254680.03
H0322,1721,6,3,78,19995,1,190,2,2004,12.34,7.8,E,Historic,Townhouse,1,1,231676.62
H0323,931,3,4,17,4498,2,1253,0,0,11.0,6.7,A,Rural,Detached,1,0,117415.88
H0324,2752,4,5,40,9008,4,1008,1,1994,10.69,9.8,A,Historic,Detached,0,1,377019.8
H0325,1368,1,4,80,4364,3,716,4,1993,0.37,2.8,C,Suburbs,Semi-Detached,1,0,187724.38
H0326,2859,5,5,41,700,1,359,1,2001,13.85,5.3,D,Downtown,Detached,1,1,363004.83
H0327,691,6,2,61,5591,1,1067,2,2023,4.87,5.8,B,Waterfront,Detached,1,1,350788.35
H0328,3296,1,2,35,1521,2,1218,0,1999,10.64,3.8,A,Rural,Semi-Detached,0,1,147828.99
H0329,2624,4,1,63,8287,3,358,0,1982,11.71,9.2,D,Rural,Semi-Detached,1,0,73419.71
H0330,4496,2,2,43,16342,1,1057,1,0,0.74,4.5,E,Historic,Detached,1,0,364893.44
H0331,1348,1,3,5,19973,1,1066,2,0,11.43,6.7,B,Downtown,Detached,1,0,317402.36
H0332,2666,5,3,56,4355,1,31,4,1986,3.26,4.2,C,Rural,Townhouse,0,1,153577.03
H0333,2620,2,3,73,8522,4,103,1,0,13.57,1.5,D,Suburbs,Apartment,1,1,161825.79
H0334,1866,6,5,75,15109,2,1460,4,0,13.86,7.9,E,Historic,Detached,1,1,361934.05
H0335,1479,1,4,12,15428,2,294,4,0,5.58,2.7,C,Rural,Semi-Detached,1,0,156535.76
H0336,4113,4,1,8,16075,2,578,2,1988,7.72,4.7,A,Downtown,Detached,1,1,486347.8
H0337,3069,5,1,38,17957,2,1122,1,2004,1.18,2.9,E,Waterfront,Semi-Detached,1,0,430222.6
H0338,3203,5,2,22,3052,3,1136,0,1991,4.76,4.7,E,Historic,Semi-Detached,0,1,299810.75
H0339,1290,6,5,48,11228,2,1189,0,2022,2.41,5.8,D,Waterfront,Apartment,0,0,288885.18
H0340,2084,6,3,38,19186,1,1252,4,1988,12.82,1.6,E,Rural,Semi-Detached,1,0,174851.36
H0341,835,1,5,45,4094,4,1280,2,2005,5.85,5.9,B,Rural,Apartment,0,1,95477.03
H0342,3550,7,3,53,5555,1,1327,0,0,13.3,6.9,B,Rural,Townhouse,0,0,167452.68
H0343,1093,2,4,58,14449,4,787,2,0,6.49,1.1,D,Historic,Townhouse,1,1,239204.17
H0344,4510,3,4,69,19385,3,231,4,2024,1.38,7.6,E,Rural,Apartment,0,1,150166.97
H0345,2689,4,5,10,17649,1,1400,4,1999,9.27,9.1,E,Historic,Apartment,0,1,284759.06
H0346,4599,4,5,42,14295,1,1423,4,2016,4.05,6.7,E,Rural,Detached,1,0,258000.5
H0347,1785,5,1,37,1394,1,569,2,0,4.36,8.7,A,Rural,Semi-Detached,0,0,98388.27
H0348,1638,6,4,47,6247,1,702,0,2018,14.02,2.4,D,Rural,Townhouse,1,0,100811.13
H0349,3782,7,4,30,14923,3,237,0,0,6.1,3.7,E,Suburbs,Townhouse,1,0,265898.32
H0350,3595,4,3,18,17881,4,1389,2,2023,14.35,1.9,E,Waterfront,Apartment,1,1,488544.97
H0351,3298,7,4,78,9432,3,1340,4,2023,11.29,7.6,E,Rural,Detached,1,0,231220.91
H0352,1873,3,5,1,777,1,1403,3,1998,3.93,1.3,E,Downtown,Apartment,1,0,271596.25
H0353,1153,1,5,27,4490,2,227,1,0,7.11,9.4,D,Downtown,Apartment,0,1,144354.04
H0354,3897,6,3,32,5807,4,681,0,0,12.23,2.6,A,Downtown,Detached,0,1,464644.19
H0355,4428,2,5,50,6347,2,1257,0,1996,1.73,1.7,E,Waterfront,Apartment,0,1,414039.24
H0356,553,4,2,0,1739,4,1176,0,2011,7.28,4.6,A,Waterfront,Detached,0,1,307598.4
H0357,4824,2,1,49,16296,4,113,0,2001,1.39,5.1,C,Downtown,Detached,1,1,418833.06
H0358,722,4,2,38,13282,4,388,1,0,0.58,10.0,B,Downtown,Detached,1,0,221208.28
H0359,4407,4,1,69,10583,3,114,2,1982,6.2,2.9,E,Waterfront,Semi-Detached,0,0,346182.39
H0360,4795,2,5,29,2860,4,1266,0,0,9.8,1.1,A,Downtown,Townhouse,1,0,468491.34
H0361,2917,7,1,58,6093,4,1218,4,0,12.11,4.8,D,Historic,Apartment,0,0,211330.19
H0362,4871,2,3,27,1993,1,560,1,1990,10.51,6.0,D,Historic,Townhouse,1,0,306653.61
H0363,2395,5,1,17,3775,4,165,0,0,13.91,7.4,E,Historic,Semi-Detached,0,0,162792.74
H0364,4299,6,2,26,5188,2,1250,0,2011,9.26,1.8,C,Rural,Semi-Detached,1,0,201650.23
H0365,3249,4,1,71,8221,2,950,1,0,3.07,8.2,D,Suburbs,Apartment,0,1,152307.62
H0366,753,1,3,36,7367,1,213,0,1991,2.54,1.3,E,Waterfront,Detached,1,1,237830.71
H0367,1350,1,2,56,19921,3,471,0,1986,3.71,4.7,B,Historic,Detached,1,0,205347.15
H0368,4258,5,4,6,14782,4,764,1,1992,9.55,9.8,B,Suburbs,Townhouse,1,0,325853.4
H0369,3151,2,1,72,2454,4,856,1,1994,13.32,6.4,E,Rural,Townhouse,0,1,119783.09
H0370,4928,7,2,11,13990,4,571,0,1995,3.87,4.9,B,Historic,Semi-Detached,0,1,401051.65
H0371,1620,5,1,53,1949,4,981,0,1995,1.43,7.8,D,Downtown,Semi-Detached,0,1,225426.95
H0372,2823,2,1,2,16221,4,949,1,2005,2.94,8.8,D,Rural,Townhouse,1,0,154344.72
H0373,411,7,1,49,11408,3,1429,4,1993,11.86,1.7,C,Historic,Apartment,1,1,203977.92
H0374,3381,1,1,49,12479,2,1327,4,2015,10.7,2.8,C,Waterfront,Apartment,1,1,391582.25
H0375,2354,5,1,61,19509,3,1031,3,0,1.14,4.1,D,Suburbs,Townhouse,1,1,224619.39
H0376,4251,6,5,68,10076,4,178,0,1991,4.47,9.6,A,Waterfront,Detached,0,0,574209.37
H0377,1749,3,1,18,16763,4,1397,4,2010,5.33,5.0,A,Suburbs,Townhouse,0,1,256850.44
H0378,2303,7,5,42,13990,4,937,2,1999,2.74,3.3,D,Historic,Detached,1,1,446001.25
H0379,3446,3,1,18,12071,3,373,1,2024,13.59,8.2,B,Rural,Semi-Detached,0,0,135670.57
H0380,2993,5,2,56,9033,3,704,1,2014,14.64,5.8,A,Rural,Townhouse,0,0,144394.57
H0381,604,4,4,18,15509,3,970,2,2016,10.07,8.2,D,Rural,Townhouse,0,1,113244.54
H0382,4323,1,2,70,4329,4,731,0,2018,9.69,6.3,B,Rural,Apartment,1,0,130700.3
H0383,2676,2,1,10,18142,4,650,4,1983,13.65,4.2,B,Waterfront,Apartment,1,0,366958.7
H0384,3563,3,1,36,11802,2,1490,3,2006,12.09,3.6,D,Rural,Detached,1,0,197144.86
H0385,3793,2,5,76,3320,3,135,4,1985,0.3,6.7,C,Suburbs,Townhouse,1,1,246143.52
H0386,1521,2,2,48,9985,3,1011,4,1994,0.6,1.0,C,Historic,Semi-Detached,0,1,270611.51
H0387,2858,6,4,15,9926,1,244,2,1984,9.06,4.3,D,Waterfront,Townhouse,1,0,403552.74
H0388,4299,6,1,47,17294,1,299,2,2024,2.21,2.5,C,Historic,Apartment,1,0,268706.12
H0389,3358,4,3,6,9998,1,1226,1,2000,12.44,7.2,C,Rural,Apartment,0,0,138274.71
H0390,3369,1,5,74,12022,3,993,3,1990,1.72,2.4,B,Suburbs,Apartment,0,1,268015.34
H0391,1943,7,5,78,17724,1,238,1,2010,5.35,7.2,B,Historic,Apartment,1,1,255077.98
H0392,4685,7,3,22,10483,2,1409,1,1993,2.13,1.7,A,Downtown,Apartment,0,0,406312.29
H0393,1036,1,4,55,1893,4,243,2,0,4.66,1.1,A,Suburbs,Apartment,0,0,112265.43
H0394,2082,5,2,23,12019,3,721,1,2019,3.78,6.1,A,Downtown,Apartment,0,1,239143.79
H0395,514,5,2,24,9735,4,750,4,0,10.17,2.0,C,Suburbs,Apartment,0,0,145028.0
H0396,4612,2,4,14,10798,4,739,2,1982,1.42,5.4,D,Downtown,Semi-Detached,0,0,414404.9
H0397,2723,4,5,39,15047,2,142,3,2003,2.85,10.0,D,Suburbs,Semi-Detached,1,1,253921.26
H0398,4681,6,1,15,5197,1,744,1,2018,12.69,4.6,B,Waterfront,Semi-Detached,0,0,454228.27
H0399,3879,6,4,35,19568,4,1365,4,2011,7.77,2.3,D,Historic,Detached,1,1,546586.86
H0400,4473,2,2,3,3763,2,783,4,1989,4.68,6.6,A,Downtown,Apartment,1,0,362918.57
H0401,4659,7,4,59,7116,3,1107,4,0,11.51,9.9,A,Rural,Semi-Detached,1,1,253176.15
H0402,3482,4,4,4,1576,4,275,2,2011,11.51,6.1,D,Suburbs,Detached,0,1,288138.88
H0403,4936,6,5,73,15895,3,1013,4,2019,10.21,7.9,C,Waterfront,Townhouse,0,1,610457.55
H0404,769,2,3,44,19635,4,706,2,1983,9.99,3.2,C,Downtown,Detached,1,0,279072.29
H0405,1095,6,1,39,4250,1,943,3,2006,4.15,7.3,E,Rural,Townhouse,0,1,112861.85
H0406,3597,3,5,12,16502,3,341,4,0,14.55,2.8,A,Downtown,Townhouse,1,1,470878.02
H0407,4789,2,3,33,2057,1,1212,2,0,8.58,5.8,D,Rural,Semi-Detached,0,0,179920.09
H0408,2872,5,3,55,18193,3,1279,4,2015,2.87,1.2,E,Rural,Townhouse,1,1,239346.28
H0409,1928,5,4,27,15812,3,947,1,0,11.25,7.9,D,Rural,Semi-Detached,0,0,120396.06
H0410,927,6,2,52,9246,4,488,0,0,0.61,8.2,C,Rural,Townhouse,1,0,115844.97
H0411,4202,4,5,55,14328,2,59,2,1997,9.95,2.6,A,Downtown,Townhouse,0,1,424873.69
H0412,563,1,1,40,10264,4,1483,1,0,8.65,5.5,A,Downtown,Semi-Detached,1,0,189351.08
H0413,4675,6,5,67,8751,3,674,4,1995,14.05,3.0,A,Waterfront,Apartment,0,0,516013.06
H0414,4000,4,3,75,2332,4,972,1,1989,5.57,7.4,C,Waterfront,Detached,0,1,554644.07
H0415,572,6,5,4,2291,3,1403,0,1995,12.89,4.5,D,Suburbs,Detached,1,1,269790.43
H0416,2864,1,2,38,7393,1,561,0,2011,7.17,4.7,C,Suburbs,Semi-Detached,1,1,178247.27
H0417,3860,7,1,20,9051,3,928,0,2021,9.7,6.7,B,Historic,Apartment,1,1,301892.86
H0418,2903,3,5,10,4131,3,924,3,1988,4.06,7.2,C,Suburbs,Townhouse,0,1,271593.46
H0419,2708,2,1,53,12545,1,47,4,2020,3.58,1.8,D,Suburbs,Semi-Detached,1,0,199120.63
H0420,1782,1,4,79,14554,3,348,4,0,10.84,4.9,D,Historic,Detached,0,0,231659.17
H0421,4448,1,2,26,6743,2,883,1,1998,10.96,2.7,B,Rural,Detached,1,1,217473.71
H0422,2777,3,2,79,15277,1,960,1,2024,6.08,2.9,D,Suburbs,Detached,1,0,246709.08
H0423,3867,6,5,32,2893,2,964,2,2022,14.51,6.4,A,Downtown,Apartment,0,1,378808.07
H0424,3520,3,4,47,4833,2,1031,3,2009,2.15,3.9,E,Historic,Apartment,0,1,258562.5
H0425,3946,2,3,14,10765,3,880,2,1996,9.27,7.9,C,Downtown,Townhouse,1,1,374833.7
H0426,1751,3,4,19,18708,1,470,1,0,4.05,7.4,D,Waterfront,Apartment,0,0,262494.15
H0427,1350,4,1,56,12182,1,1474,1,0,1.58,8.8,B,Historic,Semi-Detached,1,1,249544.88
H0428,2634,5,5,27,19621,2,1020,0,1981,4.41,9.8,A,Downtown,Townhouse,1,0,390409.19
H0429,3629,3,5,13,11101,4,929,2,1980,5.08,1.4,E,Suburbs,Apartment,0,1,261731.36
H0430,1459,2,1,36,11089,4,522,1,0,11.61,4.6,A,Downtown,Apartment,1,0,164311.55
H0431,2105,2,4,51,9836,4,635,4,0,10.05,8.5,E,Suburbs,Apartment,1,1,175294.55
H0432,3579,4,3,72,14363,4,1291,3,0,7.8,9.8,B,Downtown,Semi-Detached,1,0,433527.53
H0433,1670,4,5,80,17692,1,978,2,0,2.09,9.1,B,Downtown,Detached,1,1,386074.35
H0434,790,5,1,5,17323,4,1353,4,2002,3.97,1.7,E,Downtown,Semi-Detached,1,0,319868.36
H0435,533,1,4,22,6470,3,642,4,2022,6.86,8.3,C,Waterfront,Apartment,0,1,237708.24
H0436,1933,2,2,10,8997,4,238,0,0,7.26,7.2,E,Downtown,Semi-Detached,0,0,172027.69
H0437,4387,3,5,78,12320,2,28,1,0,0.44,9.7,A,Waterfront,Detached,0,0,523886.78
H0438,2380,4,5,24,3321,4,44,0,0,2.46,7.3,D,Rural,Semi-Detached,0,1,161232.79
H0439,4262,1,4,74,8450,3,16,0,2007,14.7,8.6,E,Suburbs,Detached,1,0,182550.69
H0440,2782,1,4,51,16428,1,864,4,1984,4.16,6.8,D,Historic,Semi-Detached,0,0,262395.69
H0441,1357,4,5,44,15190,2,961,2,2012,3.45,9.2,C,Waterfront,Apartment,0,1,349090.21
H0442,4237,2,3,49,14159,3,1414,0,1988,2.76,2.4,D,Rural,Semi-Detached,0,0,181127.56
H0443,1226,7,4,63,10450,3,534,2,1991,12.45,9.1,A,Suburbs,Townhouse,0,0,171663.46
H0444,1333,5,2,15,18915,3,95,4,0,2.44,7.2,E,Suburbs,Semi-Detached,1,1,194966.46
H0445,1253,6,1,56,15479,1,342,0,2003,2.52,3.6,D,Downtown,Apartment,0,0,147183.6
H0446,1213,2,3,42,5014,1,502,3,2012,2.73,3.4,D,Downtown,Townhouse,1,1,209851.99
H0447,3354,6,2,19,17855,4,838,3,2013,11.96,4.3,A,Waterfront,Townhouse,0,1,541579.83
H0448,4638,1,1,43,10815,4,75,1,1983,14.67,9.8,E,Waterfront,Townhouse,1,0,312644.35
H0449,2822,4,4,70,10472,2,1434,3,1993,13.34,6.6,E,Rural,Detached,0,1,177877.87
H0450,3713,7,2,38,3261,3,437,0,1999,7.92,7.8,B,Downtown,Detached,1,0,380272.75
H0451,591,1,5,75,8976,1,763,2,2002,2.03,7.8,A,Suburbs,Detached,1,0,144361.33
H0452,442,4,3,30,19557,3,1365,4,2004,7.89,3.2,C,Historic,Townhouse,1,1,279931.27
H0453,4630,5,2,46,15386,1,188,0,1988,7.25,5.0,C,Downtown,Townhouse,1,1,358104.27
H0454,4979,5,4,33,19646,4,333,1,2011,10.73,2.2,E,Waterfront,Semi-Detached,1,1,572253.51
H0455,4734,1,2,58,16010,4,225,0,1998,0.8,2.4,C,Downtown,Townhouse,1,0,343260.41
H0456,2808,4,1,18,5157,3,441,1,2011,0.23,5.9,A,Historic,Semi-Detached,0,1,289420.96
H0457,766,4,4,73,10648,4,1474,4,0,2.25,6.7,D,Historic,Semi-Detached,1,1,267072.12
H0458,3064,1,5,79,13922,1,1373,3,2021,1.51,2.5,A,Waterfront,Townhouse,1,1,565409.94
H0459,2930,5,1,71,3290,1,246,4,0,0.48,8.1,B,Suburbs,Apartment,0,1,174575.3
H0460,4039,1,5,77,10999,3,895,1,2013,4.9,3.3,A,Waterfront,Apartment,1,0,418335.96
H0461,1213,5,2,36,5219,3,834,1,0,14.42,2.6,A,Suburbs,Detached,0,0,170053.62
H0462,1567,4,3,33,12804,2,1009,4,2004,14.25,3.4,C,Downtown,Apartment,0,0,238674.0
H0463,4207,5,4,8,16365,3,1134,4,1995,11.49,6.9,B,Downtown,Semi-Detached,0,0,492746.43
H0464,1087,7,5,26,5165,4,85,0,2019,4.48,9.7,A,Rural,Townhouse,0,1,141199.42
H0465,892,4,3,76,8721,1,330,4,1999,1.53,7.3,B,Waterfront,Detached,0,1,293835.76
H0466,3938,2,5,64,10930,2,1356,2,2009,14.39,4.0,B,Rural,Detached,1,1,203234.75
H0467,416,5,4,0,813,1,1329,0,2022,6.79,2.1,D,Suburbs,Semi-Detached,1,1,194281.34
H0468,1851,7,1,15,15661,2,40,2,2002,3.03,8.3,C,Rural,Townhouse,1,0,123179.64
H0469,2211,2,4,46,1705,2,1307,3,0,4.3,5.5,B,Rural,Semi-Detached,0,0,133619.71
H0470,1837,1,5,16,2631,2,1388,0,2024,10.23,6.5,E,Suburbs,Detached,0,1,203408.39
H0471,4118,1,4,6,11084,4,1014,2,1982,13.28,3.0,C,Waterfront,Semi-Detached,1,0,572164.13
H0472,2990,1,4,24,11467,1,511,1,0,4.8,6.6,A,Downtown,Apartment,0,1,259310.32
H0473,628,4,4,3,19916,4,488,2,2001,7.89,3.1,A,Rural,Detached,0,0,168462.01
H0474,1183,6,4,74,4590,3,1420,0,1983,13.8,5.0,C,Downtown,Apartment,0,1,184067.55
H0475,3937,1,1,7,18825,1,1264,3,0,9.07,6.9,A,Downtown,Detached,1,1,492413.61
H0476,3907,5,5,12,11628,1,210,0,1984,8.97,8.6,E,Downtown,Semi-Detached,1,0,355803.95
H0477,1432,6,5,32,12145,2,281,0,0,4.81,4.9,C,Waterfront,Semi-Detached,1,0,364338.52
H0478,1592,2,4,39,11736,1,486,4,2015,12.91,4.8,B,Rural,Detached,0,0,168398.65
H0479,2041,6,2,8,11691,3,1261,2,1990,1.75,8.9,A,Suburbs,Semi-Detached,1,1,272701.89
H0480,2227,6,2,59,7484,2,819,1,1980,5.57,1.7,A,Suburbs,Semi-Detached,1,1,258851.01
H0481,4944,1,2,37,14931,2,405,2,0,13.3,7.5,C,Suburbs,Detached,0,0,259374.98
H0482,2005,1,2,33,3815,3,430,2,2003,12.18,6.9,E,Downtown,Townhouse,1,0,168248.96
H0483,3953,6,1,15,5232,3,651,4,2020,3.82,1.4,E,Suburbs,Townhouse,0,1,244436.9
H0484,2809,7,2,41,8599,2,1489,0,2022,9.3,2.5,D,Downtown,Detached,0,1,396615.72
H0485,4571,3,4,66,15713,4,970,2,2020,13.83,6.3,A,Suburbs,Detached,1,1,402236.89
H0486,4103,7,2,50,7662,3,521,4,0,11.32,3.7,E,Rural,Semi-Detached,1,0,219908.91
H0487,3280,2,5,5,15745,4,885,3,2011,4.89,4.4,B,Historic,Detached,1,1,484914.11
H0488,1021,3,1,37,16941,1,242,0,2014,3.16,2.8,C,Historic,Apartment,1,0,129351.42
H0489,2448,3,3,24,5017,3,709,3,2017,11.42,1.1,E,Historic,Detached,0,1,330722.37
H0490,3656,2,2,26,16046,1,641,1,2024,6.38,4.9,E,Suburbs,Semi-Detached,1,1,240150.96
H0491,646,3,2,73,4705,3,461,3,2005,11.49,7.2,C,Rural,Apartment,1,1,60631.56
H0492,663,2,2,42,19118,4,130,4,2010,1.81,6.1,D,Historic,Semi-Detached,1,0,181759.68
H0493,2895,1,2,13,18617,2,407,0,2004,4.4,3.1,E,Suburbs,Apartment,1,0,171682.27
H0494,4647,1,2,41,13963,4,979,0,1993,2.12,2.9,D,Waterfront,Townhouse,0,0,445802.51
H0495,4289,2,5,73,10668,2,15,1,2005,9.15,3.2,C,Historic,Townhouse,1,1,326550.53
H0496,4169,4,5,5,3485,4,1255,1,1991,13.52,7.6,D,Rural,Semi-Detached,1,1,208712.45
H0497,3551,6,2,72,3630,3,1286,4,0,13.76,7.3,B,Waterfront,Apartment,0,0,384605.74
H0498,4928,1,3,9,3947,2,517,1,2009,0.6,6.7,D,Historic,Detached,1,1,373639.52
H0499,3522,3,4,24,13498,2,669,3,1984,1.42,6.9,D,Downtown,Apartment,1,0,344725.61
H0500,1721,2,1,77,3793,2,158,0,1989,6.72,2.6,A,Suburbs,Detached,0,1,136932.65
H0501,4760,2,4,6,17633,1,1225,0,0,5.79,2.8,B,Downtown,Semi-Detached,1,1,504830.34
H0502,1148,1,4,3,977,1,1360,1,1982,6.35,2.0,C,Rural,Townhouse,0,0,120970.04
H0503,3043,5,2,79,7286,2,437,0,1991,0.42,6.9,A,Historic,Semi-Detached,1,0,251589.31
H0504,940,6,3,79,12590,3,1226,3,1986,10.75,8.1,E,Downtown,Apartment,0,1,203499.79
H0505,1804,3,1,76,11128,3,1364,3,0,0.46,9.2,D,Waterfront,Townhouse,1,0,308080.49
H0506,2304,5,5,1,8122,4,498,4,0,2.24,5.5,B,Downtown,Apartment,1,0,368357.84
H0507,1642,4,2,4,8300,3,650,0,2006,9.79,3.6,A,Historic,Semi-Detached,1,0,245748.99
H0508,3207,2,2,69,2271,2,905,0,0,7.48,9.6,A,Suburbs,Townhouse,1,1,216838.97
H0509,1559,2,2,11,6191,4,1484,3,1992,3.82,2.6,B,Historic,Townhouse,0,0,253765.35
H0510,2049,3,4,10,12282,4,865,4,2007,11.45,8.4,D,Waterfront,Semi-Detached,0,1,450311.18
H0511,562,7,4,54,3227,4,949,2,2004,8.52,5.3,C,Rural,Townhouse,0,1,130384.0
H0512,1667,2,1,1,16906,4,764,3,2021,14.82,1.6,A,Rural,Semi-Detached,1,1,183007.26
H0513,1419,4,5,20,6864,3,1426,0,2007,11.09,3.2,A,Waterfront,Detached,1,1,570091.47
H0514,631,6,2,33,15424,1,239,0,2004,6.09,6.3,A,Suburbs,Detached,0,0,127420.37
H0515,4647,2,4,21,14487,4,1490,0,0,8.67,8.2,B,Rural,Detached,1,1,280800.03
H0516,3660,6,3,0,6018,4,1075,3,2007,2.73,4.4,B,Waterfront,Apartment,0,0,503785.83
H0517,2022,4,2,64,4112,1,374,1,0,13.55,4.7,E,Waterfront,Townhouse,0,0,197092.11
H0518,1053,3,1,48,4585,2,978,3,1986,0.34,3.4,A,Rural,Apartment,1,0,114036.58
H0519,742,1,2,66,737,3,1237,3,2023,13.37,10.0,B,Waterfront,Detached,1,1,260974.25
H0520,3500,5,1,45,11321,2,52,4,0,8.05,9.6,B,Downtown,Apartment,1,1,270643.4
H0521,3418,4,5,60,17372,1,1297,2,2000,10.23,3.1,D,Waterfront,Townhouse,0,1,492682.47
H0522,1066,3,4,60,3791,1,261,3,1999,12.52,10.0,D,Waterfront,Detached,0,0,194503.92
H0523,1776,4,1,61,18216,1,216,3,1981,2.57,9.4,D,Suburbs,Townhouse,0,0,133261.02
H0524,2510,6,4,15,4948,2,1179,4,0,5.28,9.2,D,Historic,Semi-Detached,0,1,317349.4
H0525,3979,7,2,28,8989,1,696,4,1987,8.68,2.1,C,Downtown,Detached,0,0,489001.88
H0526,413,3,1,75,18050,3,1391,1,2018,8.94,2.0,A,Suburbs,Semi-Detached,1,1,163577.22
H0527,4809,7,4,40,5241,2,1231,2,0,10.05,8.2,A,Rural,Townhouse,1,1,240184.3
H0528,1411,3,5,61,7568,3,312,1,1994,10.57,1.5,B,Waterfront,Detached,1,0,368024.3
H0529,4393,6,4,38,5716,4,713,3,2013,10.96,3.5,B,Downtown,Semi-Detached,1,1,496830.78
H0530,1197,2,3,74,2273,4,1425,3,0,2.34,3.0,B,Rural,Semi-Detached,0,0,107389.18
H0531,474,3,5,13,5336,1,728,3,0,0.98,9.8,C,Waterfront,Semi-Detached,0,0,227800.82
H0532,3709,2,1,15,8392,4,1416,0,2021,5.86,6.7,D,Waterfront,Semi-Detached,1,0,430456.83
H0533,3409,1,1,14,3207,4,560,0,1991,5.88,10.0,D,Downtown,Semi-Detached,0,0,221634.15
H0534,3064,1,5,23,13781,1,424,0,0,9.07,2.6,E,Downtown,Semi-Detached,1,0,312067.86
H0535,4063,7,3,15,1782,3,71,0,2012,4.62,9.7,B,Suburbs,Townhouse,0,0,201218.42
H0536,400,2,3,5,17521,3,1070,2,2012,3.31,1.9,A,Rural,Semi-Detached,0,1,162508.03
H0537,2342,1,2,18,10320,3,263,4,2015,3.97,4.4,B,Suburbs,Townhouse,0,1,201651.6
H0538,2482,6,4,18,18060,3,1154,4,2006,12.36,3.8,D,Suburbs,Apartment,1,0,255717.3
H0539,3504,1,5,31,3040,1,674,0,2001,11.72,2.3,B,Rural,Apartment,0,1,133181.2
H0540,2220,4,1,15,6258,3,1434,4,2015,4.21,1.9,A,Historic,Detached,1,0,408814.52
H0541,1798,3,4,23,11810,3,19,4,2022,2.07,4.4,C,Historic,Semi-Detached,1,0,297353.14
H0542,3432,6,2,77,14205,4,1028,2,0,6.53,9.5,B,Waterfront,Townhouse,1,1,514264.18
H0543,2900,6,1,39,13820,2,191,1,1985,11.2,6.0,D,Rural,Apartment,0,0,101665.98
H0544,3873,6,5,17,16217,2,14,3,2002,3.81,7.7,E,Waterfront,Apartment,1,0,430798.02
H0545,746,5,4,21,17654,2,1052,2,2007,7.53,2.5,A,Suburbs,Townhouse,0,1,217186.29
H0546,4816,7,1,37,10303,1,1292,4,1999,13.95,9.6,E,Waterfront,Detached,1,0,608880.48
H0547,690,4,5,62,2384,3,724,0,0,13.37,2.7,C,Rural,Apartment,1,1,101646.95
H0548,2018,1,5,65,5536,2,1344,2,0,6.05,3.7,D,Waterfront,Apartment,1,0,313862.03
H0549,1892,5,3,13,14871,4,11,2,1992,1.84,3.6,B,Waterfront,Townhouse,0,1,398148.49
H0550,658,2,2,61,9209,2,665,3,2004,2.14,9.6,A,Downtown,Semi-Detached,1,1,215515.26
H0551,1433,2,3,64,947,1,889,3,0,7.39,7.8,B,Suburbs,Apartment,1,1,114670.5
H0552,1930,2,3,14,9135,1,1435,4,1992,14.89,6.3,B,Suburbs,Semi-Detached,0,1,215580.79
H0553,2279,1,2,51,1757,1,1262,1,0,0.95,4.7,C,Rural,Townhouse,0,1,107213.98
H0554,2216,3,4,61,2510,1,551,2,0,5.4,4.8,C,Historic,Semi-Detached,0,1,182497.42
H0555,789,2,1,0,2208,3,1242,0,1996,14.24,4.3,C,Rural,Townhouse,1,1,108957.04
H0556,4920,7,2,42,12315,2,1196,3,0,1.77,6.7,E,Rural,Detached,0,1,269977.33
H0557,1385,1,5,24,6821,3,1485,3,1992,8.1,2.4,B,Waterfront,Apartment,0,1,366898.11
H0558,2468,7,5,44,12493,4,858,4,2012,11.91,2.5,C,Waterfront,Apartment,1,0,480832.24
H0559,1456,3,1,72,2492,2,896,4,2004,6.13,3.4,B,Suburbs,Semi-Detached,1,0,184818.58
H0560,472,7,5,58,17009,3,1450,2,1990,3.51,5.8,C,Historic,Detached,1,0,335297.93
H0561,720,6,2,35,4857,1,2,2,2003,5.0,9.5,E,Rural,Apartment,0,0,45605.8
H0562,2815,3,1,80,841,3,32,4,2017,1.78,7.7,D,Rural,Townhouse,1,0,116328.39
H0563,2508,7,5,70,7255,2,1191,3,0,3.63,7.5,C,Waterfront,Townhouse,1,1,532914.41
H0564,4462,2,4,23,6270,1,635,1,2005,10.37,2.7,B,Suburbs,Semi-Detached,0,1,293446.01
H0565,990,4,2,58,13689,4,786,0,0,0.4,8.5,A,Downtown,Townhouse,0,0,209504.47
H0566,2592,2,5,1,807,2,983,4,1990,4.75,5.3,B,Downtown,Detached,0,0,447890.06
H0567,857,5,3,80,18313,3,210,4,2006,2.3,9.2,A,Downtown,Apartment,0,0,183879.09
H0568,3294,6,3,28,13107,2,208,2,2019,5.14,4.2,A,Downtown,Semi-Detached,0,0,400488.31
H0569,755,5,2,22,14545,2,1366,2,1998,5.36,1.9,D,Historic,Detached,0,1,258804.13
H0570,1025,7,1,19,5303,4,137,0,1997,2.34,3.9,B,Rural,Townhouse,1,1,90053.02
H0571,1889,7,4,45,10963,3,283,1,2015,7.56,5.8,E,Waterfront,Semi-Detached,1,1,385145.06
H0572,1084,5,4,67,19435,1,416,0,2010,14.37,9.3,A,Suburbs,Apartment,0,1,115416.4
H0573,3261,3,2,37,15586,2,114,1,0,10.5,2.3,A,Suburbs,Semi-Detached,0,0,206695.45
H0574,843,6,1,74,2917,3,289,0,0,0.38,8.5,D,Waterfront,Townhouse,0,0,107455.44
H0575,1626,7,2,60,5091,3,909,0,0,2.51,8.9,A,Historic,Detached,1,1,287005.11
H0576,1713,1,4,54,15386,4,321,2,2013,5.79,9.6,B,Historic,Detached,1,0,247386.09
H0577,3680,5,1,28,13354,3,1336,3,1990,1.01,4.3,D,Suburbs,Apartment,1,1,266695.64
H0578,1037,3,5,42,1419,1,433,4,0,13.66,2.7,B,Suburbs,Detached,0,0,173852.72
H0579,665,2,3,10,19181,1,644,0,1980,14.71,7.8,D,Historic,Apartment,1,0,102760.87
H0580,3600,6,3,16,3690,1,1202,3,1982,4.49,2.4,D,Rural,Semi-Detached,0,0,203531.53
H0581,1045,6,1,29,7566,2,694,2,2007,0.79,7.4,D,Suburbs,Townhouse,1,1,174221.12
H0582,1014,2,5,80,16802,1,1021,0,1990,14.02,2.5,C,Downtown,Apartment,0,1,226475.6
H0583,3376,3,1,9,6371,4,1331,1,2016,7.43,4.3,C,Waterfront,Detached,1,1,559928.86
H0584,1456,4,3,65,10777,3,1397,0,2021,1.04,8.1,E,Rural,Apartment,1,1,130702.54
H0585,465,2,1,37,12814,4,946,0,2009,9.71,9.1,D,Suburbs,Semi-Detached,0,0,80158.84
H0586,1287,4,4,25,13657,4,435,3,0,6.93,5.9,D,Rural,Apartment,1,1,131208.13
H0587,1592,6,2,40,19118,4,969,1,0,13.05,9.6,D,Downtown,Semi-Detached,0,1,264873.41
H0588,1084,2,1,35,13773,2,1371,2,0,1.0,9.1,D,Downtown,Detached,1,1,304404.12
H0589,3201,7,3,21,7007,2,1426,3,2024,8.64,8.4,E,Rural,Semi-Detached,1,1,214820.75
H0590,1037,6,5,78,5238,4,302,3,1987,11.92,7.1,C,Rural,Detached,0,0,101055.29
H0591,4665,6,1,57,4619,2,860,4,2018,5.79,4.1,B,Waterfront,Apartment,0,0,441342.98
H0592,517,3,3,2,10394,4,840,2,2014,6.5,9.8,C,Rural,Apartment,1,1,97698.02
H0593,1328,2,4,54,12726,3,1350,3,2024,9.38,9.3,A,Suburbs,Townhouse,1,1,252629.34
H0594,1250,1,1,78,13976,1,1367,2,1993,3.5,5.1,D,Downtown,Semi-Detached,0,1,196734.0
H0595,1337,2,4,15,11988,3,458,4,0,13.22,3.4,D,Waterfront,Semi-Detached,1,0,345391.05
H0596,3796,1,1,3,5525,4,495,4,1992,9.32,4.5,A,Rural,Detached,1,0,215411.42
H0597,3915,2,4,22,13709,1,1454,1,2020,8.74,4.5,C,Rural,Townhouse,1,0,210063.56
H0598,3041,2,1,11,1340,1,1171,3,0,11.07,9.9,C,Waterfront,Apartment,0,0,257957.89
H0599,1928,2,2,38,6851,1,563,0,2020,0.54,9.9,A,Historic,Townhouse,1,1,227368.6
H0600,1405,1,2,36,9085,3,425,3,0,11.97,4.7,D,Suburbs,Apartment,0,1,127996.46
H0601,1025,2,4,48,10775,1,365,4,1982,1.93,4.1,C,Waterfront,Townhouse,0,1,274211.37
H0602,4876,1,2,66,8839,2,442,2,0,3.41,3.9,B,Downtown,Townhouse,0,0,316029.5
H0603,1083,6,2,34,9467,3,956,3,2005,13.85,3.3,B,Waterfront,Townhouse,0,1,329662.44
H0604,2702,4,1,74,19753,4,913,3,1997,12.28,6.6,E,Rural,Townhouse,0,1,109861.87
H0605,3537,4,2,72,12064,1,1047,2,1998,9.14,8.9,E,Rural,Apartment,1,0,121442.75
H0606,1873,7,3,54,6592,3,761,1,1987,0.34,7.2,C,Rural,Townhouse,0,0,140402.15
H0607,2151,4,5,41,8123,2,1079,1,0,4.32,6.5,A,Historic,Apartment,1,1,256001.14
H0608,3965,3,3,25,6959,3,862,0,0,2.73,3.9,D,Downtown,Semi-Detached,1,0,364294.57
H0609,2336,5,1,36,1084,2,824,0,2013,0.78,6.8,A,Historic,Apartment,1,1,188170.99
H0610,3800,6,3,35,10893,4,1254,0,2024,14.76,5.4,A,Rural,Semi-Detached,0,1,225805.13
H0611,3463,5,1,3,7840,3,1408,3,0,1.5,7.5,C,Downtown,Apartment,0,0,332600.68
H0612,440,6,1,33,1911,3,674,4,2004,4.19,2.5,B,Downtown,Apartment,1,0,168779.59
H0613,4174,1,2,40,5349,2,1183,3,1997,4.96,7.6,B,Historic,Semi-Detached,1,0,350622.91
H0614,1078,3,5,31,7246,2,26,1,2004,2.98,1.9,B,Downtown,Apartment,1,0,217004.03
H0615,4722,5,3,39,15377,3,789,3,2012,3.2,4.6,A,Suburbs,Apartment,0,0,283272.18
H0616,2916,7,5,13,5326,1,943,1,0,7.25,5.8,C,Waterfront,Apartment,0,0,405596.65
H0617,2575,1,5,10,12113,4,1040,2,0,4.23,1.9,D,Waterfront,Townhouse,0,1,472655.51
H0618,2808,2,4,22,19965,1,1323,1,1994,1.9,9.1,E,Rural,Semi-Detached,1,0,165358.31
H0619,2580,2,1,68,3810,4,207,1,2024,4.17,2.9,B,Rural,Townhouse,1,1,116116.99
H0620,2759,6,1,12,6564,2,645,0,0,5.12,5.1,A,Historic,Semi-Detached,1,0,299340.22
H0621,4287,4,3,2,6316,3,970,4,0,13.12,5.3,A,Rural,Apartment,0,0,189687.44
H0622,2781,7,2,67,16987,3,687,3,2002,14.85,3.3,D,Suburbs,Townhouse,0,0,200824.45
H0623,2476,3,4,1,12054,3,1404,4,1981,2.39,4.7,B,Rural,Detached,1,0,264858.02
H0624,4478,1,2,73,14613,4,1308,0,2020,10.25,9.1,D,Rural,Townhouse,0,0,139236.8
H0625,4716,2,3,44,11352,2,84,4,2001,12.55,2.1,D,Waterfront,Semi-Detached,1,1,473427.72
H0626,3242,3,1,1,16848,2,621,3,0,12.04,1.1,A,Suburbs,Semi-Detached,0,1,268398.81
H0627,2180,3,5,15,2243,3,1352,0,0,2.24,8.9,E,Waterfront,Detached,0,1,441441.21
H0628,1670,1,3,18,6946,1,969,2,0,10.24,4.5,D,Waterfront,Apartment,1,0,227426.97
H0629,1203,3,3,76,10682,2,512,1,1992,4.66,1.8,E,Suburbs,Semi-Detached,1,0,157606.69
H0630,1902,4,4,12,5041,4,725,3,2006,7.03,9.2,A,Historic,Semi-Detached,1,1,316104.64
H0631,3848,1,2,78,10408,1,804,1,1980,7.05,7.9,E,Suburbs,Detached,0,1,203775.09
H0632,848,3,1,42,19975,1,248,4,1983,10.58,5.6,E,Downtown,Detached,1,1,221769.45
H0633,4457,2,2,19,10359,1,137,0,0,13.22,5.7,B,Rural,Apartment,1,0,129515.95
H0634,4543,4,4,7,4491,2,1119,2,2023,6.7,6.9,A,Rural,Semi-Detached,1,0,262688.21
H0635,3941,2,1,23,5142,4,593,2,2017,7.5,7.0,D,Suburbs,Townhouse,0,1,190079.7
H0636,4200,4,4,18,1416,1,1188,2,0,9.83,6.9,D,Rural,Semi-Detached,0,1,211142.58
H0637,749,3,2,59,15519,2,714,4,1984,2.78,2.4,E,Rural,Apartment,0,1,76111.82
H0638,1547,3,3,50,2735,3,265,2,2017,5.35,6.6,D,Waterfront,Semi-Detached,1,0,284106.52
H0639,953,1,1,20,8092,3,474,1,0,13.24,7.6,D,Downtown,Apartment,1,1,113565.92
H0640,927,1,5,32,4251,1,356,2,0,6.85,2.2,E,Downtown,Apartment,1,1,153522.34
H0641,4958,2,2,32,16592,2,888,4,1992,1.47,1.2,A,Waterfront,Detached,0,0,720831.66
H0642,442,3,4,72,18410,2,424,4,2012,5.41,6.6,E,Downtown,Detached,0,1,246010.44
H0643,1529,7,1,56,14508,3,206,0,1983,9.1,4.0,B,Waterfront,Apartment,0,0,220879.67
H0644,2459,4,3,8,5672,4,1266,0,1987,8.83,9.4,C,Rural,Apartment,0,1,121470.99
H0645,645,1,3,53,9048,2,1120,2,2022,13.7,1.6,D,Suburbs,Detached,0,0,158328.52
H0646,689,3,1,53,3140,1,213,0,1994,9.82,4.9,C,Historic,Semi-Detached,0,1,75135.36
H0647,2265,1,1,3,6928,1,792,3,2007,10.58,5.9,A,Historic,Semi-Detached,0,1,201796.05
H0648,3412,3,2,43,14804,1,465,3,2014,8.61,9.9,A,Downtown,Townhouse,0,0,308537.16
H0649,2447,7,1,9,2356,1,643,2,1995,14.97,2.2,D,Suburbs,Semi-Detached,0,1,194813.5
H0650,1029,1,3,69,7245,3,751,4,0,9.87,5.7,C,Waterfront,Detached,0,1,279428.84
H0651,3012,6,5,64,3920,3,160,1,2013,3.61,7.7,B,Downtown,Detached,1,1,446274.64
H0652,1562,1,2,56,15368,3,569,4,1985,1.08,8.7,D,Downtown,Apartment,1,0,212099.84
H0653,4457,1,4,49,15049,2,1351,3,2022,4.72,5.9,C,Downtown,Townhouse,0,1,456657.14
H0654,3154,7,3,75,7595,1,223,4,2023,4.45,9.9,E,Downtown,Detached,1,1,365331.83
H0655,4197,4,5,72,17503,2,270,0,0,10.3,3.5,B,Rural,Townhouse,1,1,201345.59
H0656,3632,1,5,35,12352,3,1164,2,1991,6.77,1.2,A,Rural,Detached,0,0,242488.63
H0657,4221,1,3,61,18738,3,1249,4,1984,6.72,3.3,C,Suburbs,Semi-Detached,0,0,299577.0
H0658,2263,6,2,18,2124,4,1187,2,0,10.82,1.5,C,Suburbs,Apartment,0,0,206601.57
H0659,2508,1,3,69,1965,1,1038,3,0,1.35,2.8,E,Historic,Townhouse,1,0,202419.87
H0660,3807,1,4,36,5188,4,1335,2,1998,9.4,2.4,A,Downtown,Detached,1,1,559115.18
H0661,2782,2,5,3,3981,2,775,4,0,10.95,4.4,A,Historic,Townhouse,1,1,387902.41
H0662,2239,5,5,73,18464,4,649,2,0,8.71,9.2,C,Waterfront,Apartment,0,1,342721.04
H0663,2391,7,3,29,15436,4,741,0,2012,1.33,4.3,D,Rural,Apartment,0,1,137358.79
H0664,3831,2,5,16,18116,3,699,2,0,6.25,5.5,B,Suburbs,Semi-Detached,0,1,314038.81
H0665,4448,6,2,23,15378,3,1135,3,1988,13.07,8.5,A,Downtown,Townhouse,0,1,444759.91
H0666,1484,5,5,49,14339,3,243,2,2001,8.95,6.5,A,Rural,Townhouse,1,0,108001.06
H0667,1004,6,3,57,13898,2,375,4,2012,1.44,9.1,E,Waterfront,Semi-Detached,1,1,322542.41
H0668,4115,4,3,56,6290,3,1010,2,0,7.86,5.7,E,Historic,Detached,0,0,314900.06
H0669,3895,3,3,49,10939,4,1063,2,2019,4.85,4.1,B,Suburbs,Townhouse,0,0,286351.43
H0670,3995,2,2,36,9000,2,196,1,2012,11.37,1.2,A,Historic,Apartment,0,1,239204.76
H0671,4822,5,2,0,16502,4,1499,3,2009,4.57,2.0,A,Downtown,Detached,0,1,665709.68
H0672,2554,1,2,35,4316,3,320,4,2009,9.53,5.6,A,Rural,Apartment,0,0,107360.18
H0673,2978,1,4,12,17581,2,280,4,1994,10.17,3.4,B,Rural,Townhouse,0,0,160131.01
H0674,4469,3,2,25,3406,1,1004,4,1991,0.77,7.2,E,Historic,Townhouse,0,1,307909.57
H0675,3515,6,5,30,11926,3,1368,3,2020,6.0,4.2,D,Waterfront,Townhouse,1,0,598248.27
H0676,2753,4,4,41,8606,3,1352,0,2005,10.63,8.0,D,Waterfront,Apartment,0,1,353742.97
H0677,4407,5,4,30,1449,1,1151,2,0,4.9,4.5,D,Rural,Detached,0,1,229100.7
H0678,847,3,4,28,11635,2,1172,1,2020,1.83,9.7,E,Downtown,Detached,1,1,301761.47
H0679,3100,2,5,69,1152,3,1132,0,2013,3.31,5.8,B,Downtown,Semi-Detached,0,1,352908.85
H0680,2278,3,2,47,11362,1,41,4,0,6.09,5.4,B,Waterfront,Townhouse,0,0,280127.6
H0681,2719,3,1,29,8603,4,268,2,1984,1.29,7.5,D,Downtown,Detached,0,1,334769.81
H0682,4837,5,2,12,19773,4,1049,0,2009,3.2,3.4,E,Waterfront,Townhouse,1,1,587042.59
H0683,4261,4,3,54,3549,3,1439,4,2004,0.45,5.5,D,Suburbs,Semi-Detached,1,1,359643.89
H0684,1287,4,2,73,1315,4,1153,0,2001,2.33,6.7,A,Waterfront,Townhouse,1,1,308200.78
H0685,1181,5,2,26,16550,4,1262,3,2016,11.46,1.5,D,Historic,Townhouse,0,0,240866.47
H0686,3167,7,2,4,11033,2,1151,3,2000,14.4,3.1,D,Historic,Semi-Detached,0,1,361650.44
H0687,4356,5,5,10,3942,1,331,4,1990,3.12,8.8,A,Waterfront,Apartment,1,0,518261.59
H0688,1798,6,5,62,5083,3,240,3,2023,4.21,3.9,C,Historic,Semi-Detached,1,0,281030.36
H0689,1759,2,3,66,7199,4,431,2,1988,2.63,7.4,D,Historic,Detached,1,1,260431.03
H0690,1631,4,1,0,10718,3,193,0,2018,2.52,4.2,E,Suburbs,Townhouse,0,1,150078.55
H0691,2251,3,1,24,9497,4,521,4,2022,3.2,6.3,A,Rural,Semi-Detached,1,1,177969.17
H0692,2553,5,1,16,17615,4,428,1,0,3.63,2.9,E,Historic,Semi-Detached,1,1,279543.9
H0693,1600,2,2,60,508,4,871,3,2012,11.45,3.2,D,Rural,Apartment,0,0,65782.88
H0694,4286,3,3,66,10886,3,1456,1,2015,6.74,7.3,C,Historic,Apartment,0,0,273606.76
H0695,1385,5,4,44,6333,4,437,4,1992,5.86,2.6,A,Downtown,Detached,1,1,423324.43
H0696,1996,1,5,39,11262,3,68,2,2005,0.85,7.3,C,Downtown,Detached,1,0,336694.9
H0697,2646,6,1,73,1497,4,1326,4,1982,5.67,6.5,B,Waterfront,Semi-Detached,1,0,462463.64
H0698,1478,1,4,15,2336,3,397,4,2001,12.59,8.6,C,Waterfront,Apartment,1,0,228894.91
H0699,1786,5,3,66,964,2,1027,1,1985,2.75,1.4,E,Waterfront,Semi-Detached,0,0,315747.56
H0700,1816,6,1,39,9470,4,1163,0,2009,1.5,9.3,B,Historic,Detached,0,1,308050.81
H0701,1107,2,3,75,1158,4,166,1,2023,9.71,9.1,B,Suburbs,Apartment,0,1,66870.07
H0702,2943,1,4,36,6332,2,385,2,1991,14.69,3.3,D,Rural,Townhouse,1,1,118140.58
H0703,2567,1,4,45,19462,1,1198,3,0,8.62,9.9,D,Rural,Detached,1,0,171096.37
H0704,2764,2,3,64,18575,2,957,2,0,1.91,6.9,B,Rural,Apartment,0,1,163801.45
H0705,4292,2,4,75,11083,1,1289,2,1980,2.55,5.3,C,Rural,Semi-Detached,0,1,201122.94
H0706,3332,3,2,59,18416,4,1496,3,1995,3.94,4.4,C,Suburbs,Apartment,1,1,258342.9
H0707,4353,6,4,38,1814,3,1182,3,1990,7.78,9.3,E,Suburbs,Apartment,1,1,287374.62
H0708,2025,5,2,16,11416,3,939,3,0,0.21,2.3,B,Downtown,Apartment,1,0,310406.42
H0709,2868,3,1,23,8239,2,1402,4,2003,0.27,2.4,A,Suburbs,Semi-Detached,0,0,264656.98
H0710,2140,4,4,59,8454,2,818,2,2023,11.01,4.8,D,Downtown,Semi-Detached,0,1,289251.21
H0711,4775,1,3,62,19716,3,741,2,1980,9.24,7.8,A,Downtown,Townhouse,0,0,366499.91
H0712,1939,1,2,38,14767,4,308,2,2023,12.35,1.3,D,Downtown,Detached,1,0,269886.84
H0713,1870,2,4,66,3987,4,25,1,2016,7.7,7.2,A,Waterfront,Apartment,1,0,190607.33
H0714,3690,4,1,38,14425,4,1458,2,2003,1.85,2.6,D,Rural,Apartment,1,1,185382.12
H0715,4755,7,4,10,5427,4,890,0,1982,2.0,5.4,C,Downtown,Detached,1,0,587474.09
H0716,3425,3,4,43,10204,3,854,0,1999,9.61,6.4,C,Downtown,Detached,0,1,403196.23
H0717,699,5,4,31,6242,4,882,2,2009,10.4,3.2,E,Downtown,Apartment,0,0,174134.04
H0718,3075,3,1,18,3813,4,820,0,0,11.25,7.5,A,Waterfront,Apartment,1,1,333465.57
H0719,3950,1,2,73,9051,4,440,3,0,10.4,2.7,E,Rural,Townhouse,0,1,127872.09
H0720,1884,6,3,34,665,2,562,2,2020,4.91,3.0,A,Waterfront,Townhouse,0,1,370588.07
H0721,3059,2,1,78,9931,4,974,4,0,5.24,4.1,D,Historic,Semi-Detached,1,1,305825.29
H0722,4487,2,5,21,13281,4,1149,2,0,11.27,5.8,C,Rural,Semi-Detached,0,0,243163.96
H0723,2790,7,3,57,15815,4,850,0,1998,8.44,5.4,B,Downtown,Townhouse,0,1,352509.87
H0724,3500,5,1,12,13467,2,325,3,2002,11.32,4.8,E,Suburbs,Townhouse,0,1,233202.3
H0725,2684,3,3,80,3961,4,950,2,2008,2.52,8.9,D,Rural,Semi-Detached,0,1,138596.64
H0726,3136,7,4,22,3721,2,1303,0,1988,9.22,5.5,A,Waterfront,Semi-Detached,1,1,616167.4
H0727,3748,1,3,78,8690,1,1231,3,1992,12.78,2.5,C,Suburbs,Semi-Detached,0,1,242405.8
H0728,4268,6,2,41,4846,4,940,1,2008,14.85,8.2,D,Rural,Apartment,0,0,123152.44
H0729,4497,6,1,77,11354,1,66,3,2010,12.96,1.6,D,Suburbs,Townhouse,1,0,254720.75
H0730,4801,1,5,68,1277,4,1485,0,2012,9.51,5.0,A,Waterfront,Semi-Detached,0,1,547469.38
H0731,1248,2,3,74,4162,2,497,3,0,1.64,6.8,A,Suburbs,Detached,1,1,168906.04
H0732,2404,7,3,43,10176,3,1217,0,1989,7.92,1.2,C,Waterfront,Detached,1,1,603373.41
H0733,3371,6,3,39,5687,3,316,1,0,4.53,4.5,B,Historic,Detached,1,1,397868.22
H0734,2881,2,5,1,9000,3,1318,1,2012,4.85,4.4,D,Rural,Semi-Detached,1,0,205355.25
H0735,1785,7,5,61,6247,3,460,2,0,2.42,6.5,A,Waterfront,Semi-Detached,0,0,407843.39
H0736,4162,5,1,67,7983,1,674,4,0,8.39,5.8,E,Suburbs,Detached,0,1,249950.96
H0737,1050,7,1,57,19069,2,1412,1,0,10.82,2.6,E,Historic,Townhouse,0,1,206185.27
H0738,1956,6,1,16,17623,2,1199,4,1986,8.15,8.0,C,Rural,Apartment,0,0,146685.69
H0739,998,2,4,14,14980,2,1225,3,0,0.34,4.9,A,Downtown,Semi-Detached,0,0,316941.09
H0740,1995,5,5,58,516,2,673,4,1998,14.28,3.7,E,Rural,Semi-Detached,1,1,138317.67
H0741,2439,3,3,71,16984,4,13,2,2012,7.16,2.5,A,Rural,Semi-Detached,0,0,145770.02
H0742,1174,7,4,43,18148,2,629,4,2013,7.18,7.2,E,Suburbs,Townhouse,0,0,169087.71
H0743,2122,5,2,41,5624,2,666,4,2021,9.01,4.8,C,Suburbs,Semi-Detached,0,0,197978.25
H0744,2887,3,2,39,11435,4,1153,3,1980,11.48,4.6,D,Rural,Detached,1,1,223316.1
H0745,3296,6,2,58,9485,3,764,0,2004,5.02,6.0,B,Downtown,Townhouse,0,1,342023.43
H0746,4005,7,3,13,2938,4,94,3,2011,3.9,9.9,E,Suburbs,Townhouse,1,1,248592.41
H0747,3472,1,1,7,11729,1,966,1,1984,5.0,8.0,D,Rural,Detached,1,1,201671.88
H0748,2848,5,2,71,3383,3,1412,0,0,11.59,8.8,C,Waterfront,Townhouse,1,1,353880.15
H0749,3359,7,4,27,6533,3,682,1,1996,3.98,7.7,A,Rural,Semi-Detached,0,1,232060.16
H0750,3900,4,4,6,17814,1,1032,2,2011,4.38,4.0,A,Downtown,Detached,0,1,599976.53
H0751,1018,5,1,71,4180,2,149,3,2009,6.88,8.9,B,Historic,Townhouse,0,1,110975.47
H0752,3183,4,5,55,1203,1,17,1,1989,4.03,3.0,C,Waterfront,Detached,0,1,451432.87
H0753,4761,4,2,73,12121,2,631,1,0,8.09,9.5,A,Historic,Townhouse,0,0,280719.53
H0754,967,3,3,29,7342,3,477,1,1981,2.23,9.1,D,Suburbs,Detached,0,1,136338.97
H0755,1408,7,4,3,15047,4,817,1,0,5.83,8.3,A,Suburbs,Semi-Detached,0,1,285316.34
H0756,4631,1,2,26,4443,2,430,0,2003,7.27,5.6,D,Waterfront,Detached,1,1,471762.21
H0757,532,1,4,53,13617,1,889,2,0,10.58,6.9,D,Downtown,Detached,1,1,216454.15
H0758,2650,6,3,5,5111,2,287,3,1983,9.02,2.9,C,Suburbs,Townhouse,0,0,223017.25
H0759,3444,5,4,20,14237,3,224,1,0,3.22,4.6,C,Suburbs,Townhouse,0,0,264832.25
H0760,3030,1,1,42,1433,1,1104,3,2013,2.71,1.9,C,Waterfront,Apartment,0,1,309407.43
H0761,2224,1,4,8,4183,2,1235,0,2010,13.51,3.3,C,Waterfront,Semi-Detached,1,1,402617.58
H0762,1189,4,4,73,6931,2,1350,0,2005,4.38,6.5,B,Suburbs,Townhouse,0,0,147121.51
H0763,2253,3,2,38,11268,4,767,1,1982,11.27,8.2,A,Waterfront,Detached,0,1,428878.21
H0764,517,2,1,30,5804,4,704,1,2016,6.2,9.9,D,Waterfront,Detached,0,1,129776.28
H0765,2552,5,4,15,9652,3,698,3,2009,10.02,7.0,C,Historic,Detached,1,0,370786.87
H0766,3393,4,1,69,4636,1,1127,2,0,5.34,5.1,E,Downtown,Townhouse,1,0,265777.55
H0767,1079,7,5,23,13527,1,406,2,1989,8.53,5.8,A,Historic,Townhouse,0,0,248004.85
H0768,2287,6,5,21,12770,2,1107,4,1992,4.32,9.6,D,Suburbs,Apartment,0,0,209782.42
H0769,2828,4,5,53,16115,1,153,2,2022,4.81,9.3,E,Waterfront,Detached,0,1,439664.41
H0770,3761,2,2,61,5751,4,1211,1,0,5.39,3.0,C,Suburbs,Semi-Detached,0,1,248256.56
H0771,1550,4,1,74,5475,3,22,0,2013,1.72,6.7,D,Suburbs,Semi-Detached,0,1,102827.0
H0772,1422,5,5,58,5535,4,523,0,2007,8.86,8.9,D,Downtown,Detached,1,0,286335.29
H0773,2784,2,5,13,3402,4,863,0,1997,12.67,7.6,C,Historic,Detached,0,1,303501.98
H0774,2458,3,1,1,3813,4,1363,2,0,11.76,7.4,E,Waterfront,Townhouse,1,0,341897.52
H0775,3478,5,5,48,1879,1,488,2,2018,6.44,4.5,A,Historic,Apartment,0,0,243927.72
H0776,4174,5,5,4,13564,1,1291,2,0,13.83,8.2,D,Waterfront,Apartment,0,0,465137.04
H0777,2476,3,3,45,8649,4,1431,2,1990,3.3,7.9,E,Rural,Semi-Detached,0,1,148773.82
H0778,3255,7,2,63,3412,3,207,0,2000,9.4,6.8,D,Rural,Detached,0,1,133079.27
H0779,2056,3,4,44,11542,3,32,0,0,4.8,5.6,E,Waterfront,Detached,0,0,299858.6
H0780,1857,4,5,9,7008,2,1466,2,2005,2.17,4.5,C,Downtown,Apartment,1,1,362140.07
H0781,1073,3,2,56,1836,4,459,1,0,3.54,6.8,B,Suburbs,Townhouse,1,0,125927.81
H0782,570,7,5,61,14883,4,1284,4,2004,11.25,7.4,C,Waterfront,Townhouse,1,0,415986.04
H0783,2559,4,3,46,8190,3,1438,1,2017,2.11,9.8,E,Rural,Detached,0,0,165381.04
H0784,1258,7,5,29,11914,1,942,4,2017,6.66,9.6,B,Historic,Townhouse,1,1,299417.32
H0785,581,5,4,71,2385,3,133,2,1981,10.76,5.4,B,Rural,Semi-Detached,0,0,77991.43
H0786,4103,3,5,38,11330,1,1248,0,2002,8.89,8.0,A,Suburbs,Semi-Detached,0,1,309675.31
H0787,921,5,4,20,6877,4,1492,0,1986,14.2,6.2,D,Suburbs,Townhouse,0,0,169188.46
H0788,4286,2,3,23,3641,3,1023,0,0,6.14,3.0,A,Rural,Detached,0,1,219110.45
H0789,3182,4,1,67,8946,1,345,0,2013,0.39,3.9,C,Downtown,Apartment,0,1,249578.56
H0790,3470,7,1,22,6676,3,198,1,2016,2.82,5.0,B,Historic,Semi-Detached,0,0,295429.23
H0791,4556,2,4,3,1770,1,714,1,1990,13.52,5.5,E,Historic,Apartment,1,1,262701.12
H0792,3163,4,5,49,15177,3,289,1,2011,2.99,4.6,C,Downtown,Apartment,1,0,331861.44
H0793,880,4,5,12,17534,3,656,1,1992,4.54,6.6,D,Downtown,Detached,1,0,326764.66
H0794,595,4,1,41,18891,3,1400,0,1982,2.98,1.8,E,Waterfront,Semi-Detached,1,1,329558.4
H0795,4846,2,3,6,18007,2,720,4,0,12.42,8.9,E,Downtown,Apartment,1,1,331335.37
H0796,3437,6,1,27,3732,1,1462,1,2016,9.68,1.1,D,Waterfront,Townhouse,0,1,443399.78
H0797,2087,6,1,37,655,2,761,3,0,2.3,3.2,C,Suburbs,Detached,0,1,251287.93
H0798,2937,2,3,52,835,2,999,2,2020,10.45,1.4,D,Waterfront,Semi-Detached,1,1,403626.7
H0799,1455,6,2,9,4248,2,1099,2,0,11.15,9.6,D,Downtown,Townhouse,1,0,240965.59
H0800,2542,1,1,50,7123,1,960,3,0,3.58,8.5,B,Downtown,Semi-Detached,0,0,245096.63
H0801,1084,7,1,30,14785,4,1222,0,2012,11.55,2.7,B,Historic,Detached,1,0,290121.73
H0802,516,2,3,32,6251,4,778,1,2012,1.14,2.7,B,Rural,Semi-Detached,0,0,91539.2
H0803,3151,6,4,3,14935,2,1120,2,0,10.33,4.7,E,Downtown,Townhouse,1,0,420737.23
H0804,3035,3,1,18,3901,1,793,4,0,3.52,6.7,E,Suburbs,Apartment,1,0,175128.14
H0805,4869,1,1,60,19226,2,1398,3,2002,14.71,6.7,D,Waterfront,Detached,1,1,588711.95
H0806,4794,3,2,18,9899,3,42,3,1989,0.83,4.7,E,Suburbs,Semi-Detached,1,0,263936.82
H0807,2259,4,2,80,12065,4,926,3,2009,5.58,3.9,D,Suburbs,Semi-Detached,1,1,250109.24
H0808,2415,2,2,72,6876,3,1318,2,0,2.29,2.0,D,Historic,Detached,1,1,332600.31
H0809,2860,7,5,52,2167,4,1059,3,0,6.76,7.2,D,Suburbs,Townhouse,1,0,265041.38
H0810,1676,6,4,73,6981,2,267,3,2019,8.05,6.7,A,Suburbs,Semi-Detached,1,1,219509.24
H0811,1195,7,1,10,1203,3,730,1,1993,4.75,1.6,E,Downtown,Apartment,1,0,215747.39
H0812,4058,4,3,22,9994,2,850,0,2019,6.26,6.1,D,Rural,Apartment,0,0,130262.17
H0813,2703,6,2,14,5305,4,968,3,1981,8.88,9.9,C,Waterfront,Apartment,0,0,365602.68
H0814,1889,4,1,62,19072,1,362,1,2023,6.03,2.3,B,Rural,Detached,0,1,133651.94
H0815,3027,3,1,45,16711,3,393,4,0,7.9,9.2,D,Downtown,Semi-Detached,0,1,286514.4
H0816,2356,6,3,33,15210,4,1350,0,1982,2.13,9.8,E,Waterfront,Detached,0,1,520405.98
H0817,487,6,5,2,10419,4,73,2,2001,5.63,5.6,D,Waterfront,Townhouse,1,1,334724.71
H0818,3236,6,3,70,6821,4,1375,0,2000,12.95,9.1,A,Waterfront,Detached,1,0,565790.35
H0819,1452,7,1,31,2938,2,178,0,0,0.4,8.3,E,Suburbs,Detached,0,0,146385.58
H0820,4174,6,3,13,4496,2,187,0,0,11.92,3.1,A,Downtown,Townhouse,0,0,352189.09
H0821,1050,4,3,80,17845,2,960,2,2017,13.0,1.6,B,Suburbs,Semi-Detached,0,1,175610.62
H0822,2019,3,2,69,19355,2,658,1,0,9.6,6.3,E,Suburbs,Apartment,0,0,115897.99
H0823,3777,5,3,27,14476,3,576,1,0,1.13,4.1,A,Rural,Detached,0,0,224028.18
H0824,1054,6,4,1,3391,3,923,2,2010,5.68,3.7,D,Rural,Detached,0,1,154538.51
H0825,2967,5,2,29,19742,4,945,2,2005,7.06,9.1,D,Suburbs,Apartment,1,1,243841.13
H0826,3558,4,1,17,10878,1,889,1,0,14.2,3.0,A,Waterfront,Townhouse,1,1,493315.9
H0827,3605,4,2,34,11553,2,621,4,0,3.01,6.5,D,Suburbs,Apartment,1,1,195303.36
H0828,1709,4,1,45,3973,2,481,4,1993,6.36,1.1,C,Downtown,Detached,1,1,334038.48
H0829,1699,3,3,79,14557,3,1484,2,1988,5.67,9.7,A,Historic,Apartment,0,1,229909.59
H0830,2416,2,3,29,10741,2,260,2,2016,14.57,3.1,E,Waterfront,Detached,1,1,396026.88
H0831,2341,7,2,62,18958,4,303,4,2013,7.47,6.4,C,Waterfront,Apartment,1,0,383342.64
H0832,1982,7,3,18,12420,1,670,2,2010,8.52,8.1,C,Downtown,Semi-Detached,0,0,307011.0
H0833,4370,3,5,68,7055,2,1072,4,0,11.9,4.8,A,Suburbs,Apartment,1,0,266306.24
H0834,2825,1,1,53,3079,4,1137,1,2000,1.79,3.5,C,Rural,Semi-Detached,0,1,153156.81
H0835,2020,6,5,58,9831,1,107,2,2003,2.3,8.5,D,Suburbs,Townhouse,1,0,178264.25
H0836,3053,4,2,41,1631,2,1017,0,1988,2.44,5.7,B,Rural,Detached,0,0,164380.66
H0837,1152,7,3,45,11580,4,820,4,0,6.36,8.1,B,Downtown,Semi-Detached,1,0,321981.4
H0838,2097,4,2,14,9044,1,1316,1,1982,3.44,3.1,B,Suburbs,Townhouse,0,0,217782.19
H0839,1527,5,3,41,13198,1,1371,3,1982,3.16,1.3,B,Waterfront,Apartment,1,1,417522.67
H0840,1060,5,3,65,5879,3,544,4,2004,2.57,2.8,E,Waterfront,Townhouse,0,0,271311.69
H0841,2499,3,2,41,9030,1,912,4,2022,7.77,4.7,B,Waterfront,Apartment,1,1,383811.82
H0842,1274,6,2,25,19184,4,111,1,1996,3.41,1.2,A,Rural,Townhouse,1,1,173639.94
H0843,2172,7,2,42,7261,4,1232,1,2010,8.5,3.6,B,Waterfront,Semi-Detached,1,1,509462.5
H0844,402,7,1,79,2139,4,781,4,1986,0.99,2.9,B,Downtown,Detached,0,1,256389.58
H0845,3866,6,3,9,9674,1,618,1,0,13.97,9.0,B,Waterfront,Apartment,1,0,413512.73
H0846,648,4,2,1,4189,3,46,4,2024,2.47,1.6,D,Downtown,Townhouse,1,1,245971.43
H0847,644,1,4,55,15760,1,575,2,1992,12.07,1.2,C,Waterfront,Townhouse,0,0,209482.73
H0848,4069,7,1,5,18955,3,745,0,2009,12.35,5.9,C,Waterfront,Semi-Detached,0,0,494089.19
H0849,3441,6,5,69,5274,4,762,3,1998,2.38,7.1,D,Rural,Detached,1,0,229707.89
H0850,3936,1,5,32,5010,2,87,2,2020,2.35,4.1,B,Rural,Detached,1,1,216158.67
H0851,1542,7,2,50,3178,1,521,4,1990,11.15,7.2,C,Waterfront,Apartment,0,0,214708.76
H0852,3458,5,4,66,13371,2,1311,3,0,10.47,7.8,A,Suburbs,Detached,1,0,366603.73
H0853,4532,7,1,63,5230,3,428,4,1992,0.55,1.3,A,Downtown,Detached,0,1,534128.88
H0854,984,1,3,57,4397,3,702,3,1999,6.54,6.3,D,Waterfront,Detached,1,0,295983.47
H0855,743,6,4,4,16883,4,785,4,2007,10.39,6.6,C,Rural,Detached,0,1,209871.34
H0856,623,4,1,62,3345,2,1483,0,2001,3.77,9.9,A,Waterfront,Detached,0,0,193244.57
H0857,3044,3,5,57,7596,2,1215,0,2008,1.22,2.6,C,Historic,Semi-Detached,0,0,306911.43
H0858,4788,6,1,32,19690,3,333,0,0,5.1,2.0,B,Downtown,Semi-Detached,0,1,416197.53
H0859,1029,2,4,62,8660,1,619,1,0,13.01,6.3,D,Downtown,Semi-Detached,0,1,153993.85
H0860,1351,1,2,17,4825,3,1431,3,0,7.97,7.2,E,Historic,Apartment,1,1,193492.08
H0861,1271,4,4,4,9639,1,538,2,2012,13.81,9.2,B,Waterfront,Semi-Detached,0,0,294002.67
H0862,1930,6,2,57,18388,2,1192,3,0,0.79,2.8,C,Rural,Detached,1,0,223097.74
H0863,1491,6,4,1,12685,1,621,1,1995,12.94,8.2,B,Downtown,Apartment,0,1,231432.76
H0864,2154,1,2,49,18621,2,139,3,1984,8.58,3.2,D,Historic,Apartment,0,0,137143.34
H0865,3363,2,3,52,2455,1,394,2,2018,12.58,3.0,B,Waterfront,Apartment,1,1,292315.42
H0866,4574,4,2,30,17580,1,854,0,1989,11.64,1.4,C,Rural,Semi-Detached,0,1,204690.72
H0867,3621,3,4,43,10444,4,790,4,2023,9.16,6.9,E,Historic,Detached,1,1,401304.18
H0868,4411,3,5,66,2562,2,641,2,2016,3.03,9.8,B,Rural,Detached,1,1,249512.47
H0869,3144,5,4,35,9147,3,389,2,2015,4.95,8.2,E,Historic,Semi-Detached,0,0,261234.32
H0870,2787,6,2,26,11555,4,991,2,2009,8.15,2.3,E,Suburbs,Semi-Detached,1,0,263547.46
H0871,990,3,1,48,18544,3,1013,3,2015,8.84,3.5,E,Waterfront,Apartment,0,0,201747.4
H0872,3903,6,4,76,4041,1,286,1,0,11.45,9.9,A,Waterfront,Semi-Detached,1,1,463089.55
H0873,975,3,1,70,18038,2,81,4,0,1.85,9.8,C,Rural,Townhouse,0,1,75736.18
H0874,2205,5,5,73,9240,1,1133,4,1994,2.74,9.7,D,Historic,Detached,0,0,328803.17
H0875,2064,5,5,2,5755,1,504,3,0,7.0,2.5,B,Downtown,Detached,1,0,444892.14
H0876,425,2,3,55,19493,2,205,0,2008,6.75,7.7,D,Historic,Semi-Detached,1,0,102494.16
H0877,3514,1,5,34,7221,1,1022,4,2008,9.18,4.4,A,Waterfront,Semi-Detached,1,1,570704.64
H0878,3493,2,4,26,7641,2,1464,2,2004,9.09,5.2,A,Rural,Detached,1,1,252318.7
H0879,2399,6,1,57,1216,1,1005,3,2007,1.52,3.3,B,Waterfront,Detached,1,1,516870.26
H0880,2528,4,2,21,7680,3,98,1,0,13.75,1.8,E,Historic,Townhouse,0,1,228474.71
H0881,810,3,1,67,8860,4,570,1,0,4.81,5.7,B,Waterfront,Townhouse,1,0,209496.75
H0882,1841,3,5,60,14369,1,137,0,0,11.79,5.8,D,Suburbs,Townhouse,0,0,114725.19
H0883,4933,7,3,22,5504,3,351,2,1981,7.61,9.1,D,Historic,Townhouse,0,0,315684.26
H0884,1677,7,2,30,12532,4,358,0,1990,9.67,7.8,A,Historic,Detached,1,0,283985.69
H0885,3491,2,1,36,15598,4,1325,4,2018,8.75,8.5,D,Historic,Semi-Detached,1,1,338359.36
H0886,3739,2,5,63,4636,3,236,4,2004,5.76,4.4,C,Downtown,Townhouse,0,1,331306.84
H0887,4391,2,1,27,14771,4,500,1,0,3.56,5.0,D,Suburbs,Semi-Detached,0,1,229718.32
H0888,3443,2,4,16,14124,3,766,0,2004,13.33,8.8,A,Downtown,Townhouse,0,0,341356.26
H0889,2808,3,5,70,16133,3,396,2,1990,0.36,1.9,E,Downtown,Semi-Detached,0,1,348373.72
H0890,2191,6,5,47,1291,3,1273,2,0,0.95,5.7,A,Waterfront,Semi-Detached,1,1,576524.25
H0891,3991,7,4,55,17341,3,1352,3,2020,4.15,2.3,B,Downtown,Apartment,0,1,457512.2
H0892,3630,2,1,5,10425,2,855,1,2016,3.98,9.2,A,Downtown,Townhouse,0,1,345284.45
H0893,942,2,1,33,16315,4,233,0,2001,9.33,9.8,D,Downtown,Townhouse,1,0,136343.29
H0894,4975,5,3,80,11199,2,45,3,2001,14.11,3.7,D,Historic,Townhouse,1,0,289762.34
H0895,820,5,3,32,3989,4,313,0,2012,5.57,7.7,D,Suburbs,Townhouse,0,0,92650.56
H0896,2386,2,5,61,2673,4,315,3,1981,5.14,4.3,C,Rural,Apartment,1,1,129097.28
H0897,2330,4,4,50,19781,3,498,4,2001,2.56,3.9,D,Suburbs,Semi-Detached,1,0,274947.17
H0898,1074,7,1,19,18206,1,4,3,0,2.18,9.9,C,Waterfront,Semi-Detached,0,0,259772.94
H0899,3326,6,5,11,1824,1,1193,0,2019,0.2,9.3,B,Suburbs,Detached,1,0,380142.8
H0900,4417,1,3,75,10049,1,946,4,1990,9.72,7.3,A,Historic,Apartment,1,0,255356.37
H0901,4466,5,2,36,1549,4,734,4,2021,10.64,4.6,B,Waterfront,Detached,0,1,630752.84
H0902,3075,2,2,59,5373,1,302,0,1988,2.41,1.7,C,Suburbs,Apartment,0,0,106203.66
H0903,3021,5,2,61,14765,4,1343,0,2005,3.03,1.6,A,Waterfront,Apartment,1,0,466886.33
H0904,3591,2,4,59,13524,4,1348,2,2016,13.05,2.7,B,Rural,Semi-Detached,0,1,189125.17
H0905,2452,4,1,62,11462,4,569,1,2006,0.77,1.1,C,Suburbs,Apartment,0,0,155505.28
H0906,3455,3,1,13,16320,3,1393,4,0,5.98,5.8,E,Historic,Townhouse,0,0,274697.27
H0907,2011,4,1,58,19865,3,681,0,2020,14.48,1.6,D,Historic,Detached,1,0,272787.41
H0908,2291,3,5,28,15221,3,808,2,0,3.59,3.0,D,Rural,Detached,0,0,184544.85
H0909,2357,4,1,55,2065,3,1229,0,2017,3.36,7.0,C,Downtown,Detached,1,0,311497.49
H0910,3586,5,3,22,18360,3,1324,1,1981,1.67,9.4,C,Suburbs,Apartment,1,0,234526.65
H0911,1784,6,3,32,14117,3,199,2,2014,10.44,6.8,A,Suburbs,Semi-Detached,0,0,230882.57
H0912,427,2,1,34,6364,4,1046,0,2019,4.32,1.7,A,Downtown,Semi-Detached,1,0,180840.74
H0913,3293,2,4,24,18368,2,298,2,0,12.27,5.8,D,Rural,Apartment,0,0,149157.92
H0914,3278,1,3,49,14668,2,1271,3,2024,1.19,9.9,B,Downtown,Semi-Detached,0,0,360887.01
H0915,4449,5,4,49,11058,4,385,0,1981,14.82,9.4,C,Rural,Townhouse,0,0,136313.3
H0916,2981,7,4,10,4893,4,1133,4,2001,1.97,8.3,C,Downtown,Apartment,0,1,392521.42
H0917,2415,3,5,54,10115,2,1425,2,1989,4.35,8.6,A,Downtown,Apartment,0,1,332638.74
H0918,4481,3,3,52,1244,1,281,4,1986,5.57,1.9,C,Downtown,Detached,1,0,427038.56
H0919,3134,3,1,23,19387,3,637,4,1985,12.21,5.9,E,Suburbs,Apartment,0,0,188120.21
H0920,4924,6,3,12,13726,3,551,0,0,1.6,9.5,A,Downtown,Detached,1,0,538399.69
H0921,1275,4,1,60,12333,2,167,2,0,9.8,6.1,A,Waterfront,Apartment,1,0,185498.61
H0922,2189,6,2,21,17201,2,1008,4,0,6.56,6.5,D,Suburbs,Semi-Detached,0,1,255830.09
H0923,1976,7,5,37,11780,3,510,4,1987,10.66,3.3,E,Suburbs,Semi-Detached,1,1,231730.62
H0924,3722,5,2,32,4700,2,1456,0,0,3.9,1.4,A,Historic,Townhouse,0,0,335603.75
H0925,3633,2,2,35,4190,1,846,0,2008,2.34,7.5,A,Historic,Apartment,0,0,216090.87
H0926,3767,4,5,35,15029,3,385,1,1997,6.67,3.3,D,Suburbs,Townhouse,0,1,262744.98
H0927,4197,2,1,7,15532,1,588,1,0,2.82,7.9,D,Historic,Detached,0,1,328635.26
H0928,4122,3,3,28,15224,3,328,3,0,13.59,1.2,B,Suburbs,Detached,1,1,341651.27
H0929,4380,4,2,70,17201,3,1412,0,0,9.94,8.2,D,Suburbs,Apartment,1,1,247994.31
H0930,1277,2,3,32,8505,2,40,2,2015,6.41,4.1,D,Historic,Townhouse,1,0,161162.97
H0931,1984,2,1,39,14421,3,196,3,1992,13.38,3.9,C,Rural,Detached,0,1,111575.44
H0932,4762,3,4,29,14617,2,473,3,1993,7.11,5.8,A,Historic,Apartment,0,0,329750.08
H0933,1240,6,5,56,4947,1,74,2,0,8.89,2.1,C,Suburbs,Townhouse,0,1,143485.06
H0934,2112,1,3,30,4392,4,1411,2,2022,11.41,7.6,D,Downtown,Detached,0,0,265802.65
H0935,2172,7,4,42,3779,4,1426,2,2008,8.43,2.5,A,Downtown,Townhouse,1,0,438538.78
H0936,2654,2,2,20,8174,2,271,2,2022,6.85,6.6,A,Downtown,Townhouse,0,0,246175.41
H0937,1365,6,2,46,10317,4,774,0,0,0.72,2.6,D,Waterfront,Townhouse,0,0,321596.38
H0938,2134,1,2,53,4053,3,927,1,2018,8.09,6.1,D,Waterfront,Townhouse,0,1,277153.36
H0939,3880,2,5,56,9648,2,831,2,2014,7.08,1.8,E,Rural,Detached,0,0,218032.21
H0940,840,2,5,14,18852,2,1103,1,1995,13.64,5.6,E,Waterfront,Semi-Detached,0,0,306886.93
H0941,4853,1,2,68,18597,3,680,4,0,2.84,4.8,B,Downtown,Detached,0,1,502120.93
H0942,1132,5,2,79,14994,4,337,2,2001,0.64,7.9,A,Downtown,Semi-Detached,0,1,261095.13
H0943,598,7,1,10,11067,4,201,3,2014,9.78,1.5,E,Suburbs,Apartment,0,0,121799.94
H0944,3294,3,4,14,17015,1,1117,1,2016,8.19,3.6,E,Rural,Detached,1,0,221426.44
H0945,1027,2,2,36,16930,4,82,4,1981,0.85,1.4,C,Historic,Apartment,1,1,206661.61
H0946,3197,1,3,66,9513,1,482,3,0,4.19,3.1,C,Historic,Townhouse,1,1,261734.26
H0947,3427,6,1,46,10662,4,108,3,0,6.27,8.7,E,Suburbs,Semi-Detached,0,0,184185.74
H0948,539,7,5,67,6554,1,250,3,0,8.02,9.0,E,Suburbs,Apartment,0,1,108274.51
H0949,440,3,3,22,18439,4,1470,1,1984,6.12,3.2,A,Waterfront,Semi-Detached,0,0,367586.38
H0950,2817,6,2,66,19224,1,497,3,1988,5.65,7.5,E,Rural,Semi-Detached,1,0,169922.89
H0951,3929,2,1,39,8752,3,1293,3,0,14.2,4.4,C,Downtown,Semi-Detached,0,1,356800.72
H0952,3703,7,2,47,11638,1,1369,0,1999,6.29,3.5,C,Historic,Townhouse,1,0,337673.07
H0953,4602,5,5,64,1237,2,564,2,1988,7.09,8.5,A,Suburbs,Apartment,1,0,241687.37
H0954,2773,6,1,37,8325,2,1077,2,1987,6.04,3.0,B,Suburbs,Townhouse,0,1,237617.62
H0955,1237,1,1,76,15401,2,493,4,0,10.25,5.4,B,Historic,Semi-Detached,0,0,115907.24
H0956,2249,1,4,4,3017,1,945,4,2015,10.86,5.7,A,Downtown,Semi-Detached,1,1,374651.36
H0957,487,2,2,3,1463,1,1125,1,2013,13.88,3.2,D,Historic,Apartment,1,1,110399.13
H0958,4474,3,3,76,4422,3,1248,2,0,1.06,3.8,A,Waterfront,Apartment,0,1,478857.22
H0959,1409,7,5,73,9899,4,1085,3,1981,8.88,7.8,D,Downtown,Detached,0,0,355537.97
H0960,1691,2,5,77,17075,3,686,2,1985,3.98,1.3,C,Suburbs,Apartment,0,1,207790.56
H0961,1465,5,5,52,1904,4,809,3,1982,7.89,1.9,B,Rural,Apartment,1,0,112183.6
H0962,745,2,1,66,7157,1,791,1,1984,4.94,7.7,A,Rural,Semi-Detached,1,0,77128.89
H0963,1837,7,2,32,11658,4,1171,0,2011,6.48,6.1,B,Rural,Apartment,1,0,109835.46
H0964,2560,3,1,14,8433,3,611,1,2022,13.71,7.6,E,Rural,Apartment,1,0,65768.95
H0965,1518,4,1,27,8159,3,924,0,1983,7.71,9.9,E,Rural,Apartment,0,0,61767.78
H0966,2740,5,2,2,15347,4,1345,2,2021,9.15,6.4,D,Rural,Townhouse,1,1,174480.05
H0967,1134,5,3,18,18039,3,1157,0,0,11.63,9.0,E,Rural,Semi-Detached,0,0,83061.61
H0968,1992,2,2,13,6560,4,1154,4,1983,6.24,7.3,E,Suburbs,Detached,0,1,210984.9
H0969,4274,2,4,15,15480,2,633,4,1994,7.9,3.0,E,Waterfront,Apartment,1,0,457293.67
H0970,4661,2,5,2,9829,2,1423,4,2001,0.64,8.2,B,Downtown,Detached,1,0,614606.18
H0971,3727,5,3,69,5304,4,705,3,1993,0.42,5.3,D,Waterfront,Detached,0,1,586393.99
H0972,1593,7,2,67,10779,2,546,3,1995,8.9,8.0,E,Historic,Detached,0,1,246191.36
H0973,2627,6,1,3,5881,4,1229,3,2004,1.13,1.5,D,Waterfront,Townhouse,0,0,461174.33
H0974,1983,7,5,42,1335,3,164,2,1984,12.9,3.9,D,Downtown,Apartment,1,0,238173.57
H0975,3740,7,2,80,17598,1,1494,2,0,4.34,1.2,D,Suburbs,Semi-Detached,1,0,294237.95
H0976,3600,2,1,57,5078,3,39,4,2011,10.93,8.4,D,Waterfront,Semi-Detached,0,0,290887.52
H0977,790,2,5,77,2688,1,399,1,0,3.64,9.4,C,Rural,Apartment,1,1,44174.74
H0978,2059,3,4,13,15808,2,336,0,0,2.62,4.4,B,Historic,Apartment,1,0,252302.21
H0979,3856,2,5,40,4837,1,389,1,2022,8.27,3.8,E,Waterfront,Semi-Detached,1,1,476293.15
H0980,3046,1,2,50,10134,3,583,0,0,3.23,3.3,A,Historic,Apartment,0,1,220322.73
H0981,3663,4,5,13,5145,1,28,1,2011,13.44,6.3,B,Waterfront,Semi-Detached,0,0,420799.48
H0982,4655,4,2,73,18395,4,474,4,0,1.9,5.6,E,Rural,Semi-Detached,1,0,206046.11
H0983,3008,4,1,43,8000,4,824,0,2024,1.1,8.7,D,Historic,Semi-Detached,0,1,249280.13
H0984,1600,7,1,46,573,2,458,2,1990,1.48,4.5,C,Waterfront,Townhouse,0,0,285157.2
H0985,521,7,3,69,15156,1,1070,1,0,8.65,3.9,D,Downtown,Detached,1,0,284784.26
H0986,723,5,5,68,9298,2,259,0,1982,14.28,7.2,B,Suburbs,Semi-Detached,1,0,119349.4
H0987,4842,4,5,32,17125,1,1325,0,0,6.89,5.9,D,Rural,Townhouse,1,1,255387.2
H0988,693,6,4,11,12196,4,978,1,2022,2.96,9.4,D,Suburbs,Townhouse,1,1,204520.78
H0989,2651,4,1,78,2580,2,1277,4,2012,7.56,8.6,B,Waterfront,Semi-Detached,1,1,411486.67
H0990,4446,6,1,68,10928,2,755,0,1981,10.02,8.8,D,Historic,Apartment,1,0,242032.3
H0991,3520,6,5,42,15463,2,572,4,0,11.25,8.7,C,Historic,Apartment,0,0,278770.16
H0992,3620,4,5,50,6926,2,1298,1,2016,12.73,8.1,B,Suburbs,Detached,1,0,367523.13
H0993,1993,5,5,13,11647,3,382,4,2010,2.83,9.5,D,Waterfront,Townhouse,1,0,451556.04
H0994,3706,5,2,28,11750,1,1146,3,1981,14.28,5.4,C,Historic,Detached,0,0,378379.36
H0995,3564,7,5,41,1012,3,459,0,0,9.5,2.1,E,Historic,Detached,1,1,375167.58
H0996,1327,4,5,61,5900,3,77,0,1993,6.04,1.8,C,Downtown,Townhouse,1,0,217446.14
H0997,4116,1,3,41,7128,2,859,3,2013,1.64,8.2,D,Downtown,Townhouse,0,1,341042.03
H0998,2577,7,2,13,9789,4,784,4,1987,10.5,5.7,E,Downtown,Apartment,1,0,292252.89
H0999,892,5,2,61,720,3,823,1,2001,8.45,9.2,D,Rural,Detached,0,0,42398.39
H1000,4548,4,4,68,14990,4,1446,2,2022,4.34,6.7,E,Rural,Detached,0,0,258999.97
